Name,Year ,Affordability,2BR Rent Affordable to Median Income,Households Unable to Afford Median 2BR Rent (%),Households Unable to Afford Median 2BR Rent,Income Needed to Afford Median 2BR Rent - Annual,Income Needed to Afford Median 2BR Rent - Hourly,Median 2BR Rent (with utilities),Renter Affordability Index,Renter Household Median Income,Renter Total Households
Addison,2017,Unaffordable,708,0.692307692,54,40801,19.615865385,1020,0.69,28332,78
Alfred,2017,Affordable,833,0.5,110,33150,15.9375,829,1.01,33332,220
Auburn,2004,Unaffordable,630,0.535781544,2276,27333,13.140865385,683,0.92,25183,4248
Auburn,2005,Unaffordable,650,0.580261316,2487,30955,14.882211538,774,0.84,26019,4286
Auburn,2006,Unaffordable,672,0.539377289,2356,29210,14.043269231,730,0.92,26877,4368
Auburn,2007,Unaffordable,681,0.540589569,2384,29607,14.234134615,740,0.92,27227,4410
Auburn,2008,Unaffordable,689,0.557714821,2382,30942,14.875961538,774,0.89,27567,4271
Auburn,2009,Unaffordable,733,0.514982578,2217,30230,14.533653846,756,0.97,29337,4305
Auburn,2010,Unaffordable,720,0.514299803,2086,29624,14.242307692,741,0.97,28796,4056
Auburn,2011,Unaffordable,680,0.554358472,2264,30446,14.6375,761,0.89,27187,4084
Auburn,2012,Unaffordable,676,0.545596665,2094,29737,14.296634615,743,0.91,27054,3838
Auburn,2013,Unaffordable,664,0.570821530,2418,31804,15.290384615,795,0.83,26555,4236
Auburn,2014,Unaffordable,678,0.577361177,2433,33393,16.054326923,835,0.81,27118,4214
Auburn,2016,Unaffordable,751,0.543608124,2275,33718,16.210576923,843,0.89,30049,4185
Auburn,2017,Unaffordable,762,0.540449167,2238,33935,16.314903846,848,0.9,30466,4141
Auburn,2000,Affordable,593,0.430845511,1651,20464,9.838461538,512,1.16,23705,3832
Auburn,2001,Affordable,633,0.497507478,1996,25157,12.094711538,629,1.01,25311,4012
Auburn,2002,Affordable,701,0.475261656,1998,26529,12.754326923,663,1.06,28029,4204
Auburn,2003,Affordable,644,0.497289654,2110,25574,12.295192308,639,1.01,25743,4243
Augusta,2003,Unaffordable,545,0.555183946,2158,24406,11.733653846,610,0.89,21817,3887
Augusta,2004,Unaffordable,560,0.55175,2207,24963,12.001442308,624,0.9,22400,4000
Augusta,2005,Unaffordable,576,0.587456272,2351,28021,13.471634615,701,0.82,23050,4002
Augusta,2006,Unaffordable,575,0.598612488,2416,28476,13.690384615,712,0.81,23001,4036
Augusta,2007,Unaffordable,584,0.602545277,2462,29115,13.997596154,728,0.8,23369,4086
Augusta,2008,Unaffordable,607,0.598406182,2478,30144,14.492307692,754,0.81,24268,4141
Augusta,2009,Unaffordable,608,0.562942366,2227,28128,13.523076923,703,0.86,24300,3956
Augusta,2010,Unaffordable,615,0.575589092,2174,29352,14.111538462,734,0.84,24586,3777
Augusta,2011,Unaffordable,589,0.597449909,2296,29275,14.074519231,732,0.8,23546,3843
Augusta,2012,Unaffordable,597,0.598530569,2281,29763,14.309134615,744,0.8,23878,3811
Augusta,2013,Unaffordable,629,0.634610691,2600,33306,16.0125,833,0.76,25154,4097
Augusta,2014,Unaffordable,636,0.606068021,2477,32334,15.545192308,808,0.79,25436,4087
Augusta,2016,Unaffordable,653,0.621419676,2495,33429,16.071634615,836,0.78,26103,4015
Augusta,2017,Unaffordable,760,0.546003017,2172,33168,15.946153846,829,0.92,30393,3978
Augusta,2020,Unaffordable,809,0.578739184,2341,39297,18.892788462,982,0.82,32374,4045
Augusta,2000,Affordable,567,0.446764630,1733,20104,9.665384615,503,1.13,22690,3879
Augusta,2001,Affordable,581,0.452607964,1614,20985,10.088942308,525,1.11,23254,3566
Augusta,2002,Affordable,633,0.438850750,1726,22053,10.602403846,551,1.15,25318,3933
Baileyville,2007,Unaffordable,573,0.514925373,69,23911,11.495673077,598,0.96,22916,134
Baileyville,2008,Unaffordable,595,0.537313433,72,25250,12.139423077,631,0.94,23787,134
Baileyville,2009,Unaffordable,654,0.530769231,69,28301,13.60625,708,0.92,26175,130
Baileyville,2001,Affordable,621,0.366412214,48,19299,9.278365385,482,1.29,24843,131
Baileyville,2002,Affordable,582,0.410447761,55,19282,9.270192308,482,1.21,23275,134
Baileyville,2003,Affordable,582,0.404580153,53,18632,8.957692308,466,1.25,23268,131
Baileyville,2013,Affordable,712,0.486842105,74,27488,13.215384615,687,1.04,28499,152
Baileyville,2016,Affordable,793,0.475177305,67,30397,14.613942308,760,1.04,31723,141
Baileyville,2017,Affordable,807,0.489208633,68,31852,15.313461538,796,1.01,32291,139
Bangor,2001,Unaffordable,608,0.521182123,3580,25334,12.179807692,633,0.96,24324,6869
Bangor,2002,Unaffordable,662,0.521619767,3800,27635,13.286057692,691,0.96,26467,7285
Bangor,2003,Unaffordable,580,0.600026889,4463,28899,13.89375,722,0.8,23202,7438
Bangor,2004,Unaffordable,571,0.637642331,4760,30642,14.731730769,766,0.75,22849,7465
Bangor,2005,Unaffordable,594,0.651446170,4865,32623,15.684134615,816,0.73,23774,7468
Bangor,2006,Unaffordable,597,0.654261705,4905,32740,15.740384615,819,0.73,23876,7497
Bangor,2007,Unaffordable,603,0.671943595,5051,33977,16.335096154,849,0.71,24112,7517
Bangor,2008,Unaffordable,624,0.674730476,5132,35320,16.980769231,883,0.71,24954,7606
Bangor,2009,Unaffordable,626,0.661069491,5118,34597,16.633173077,865,0.72,25037,7742
Bangor,2010,Unaffordable,654,0.631025641,4922,33972,16.332692308,849,0.77,26154,7800
Bangor,2011,Unaffordable,632,0.633341889,4935,33338,16.027884615,833,0.76,25278,7792
Bangor,2012,Unaffordable,658,0.632167468,4862,34322,16.500961538,858,0.77,26338,7691
Bangor,2013,Unaffordable,731,0.598315682,4689,35910,17.264423077,898,0.81,29233,7837
Bangor,2014,Unaffordable,662,0.651889814,5088,37396,17.978846154,935,0.71,26474,7805
Bangor,2015,Unaffordable,652,0.644329897,5000,35146,16.897115385,879,0.74,26076,7760
Bangor,2016,Unaffordable,683,0.614823349,4803,34178,16.431730769,854,0.8,27333,7812
Bangor,2017,Unaffordable,615,0.645465101,5003,34857,16.758173077,871,0.71,24589,7751
Bangor,2020,Unaffordable,822,0.616190726,4704,44494,21.391346154,1112,0.74,32876,7634
Bangor,2000,Affordable,604,0.492733878,3255,23825,11.454326923,596,1.01,24160,6606
Bar Harbor,2003,Unaffordable,711,0.519047619,436,29937,14.392788462,748,0.95,28425,840
Bar Harbor,2004,Unaffordable,696,0.541327125,465,30892,14.851923077,772,0.9,27825,859
Bar Harbor,2005,Unaffordable,729,0.617747440,543,38153,18.342788462,954,0.76,29151,879
Bar Harbor,2006,Unaffordable,714,0.626126126,556,38049,18.292788462,951,0.75,28558,888
Bar Harbor,2007,Unaffordable,716,0.630530973,570,38332,18.428846154,958,0.75,28635,904
Bar Harbor,2008,Unaffordable,746,0.551540914,519,34054,16.372115385,851,0.88,29825,941
Bar Harbor,2010,Unaffordable,806,0.627363737,564,42268,20.321153846,1057,0.76,32260,899
Bar Harbor,2013,Unaffordable,791,0.595897436,581,40180,19.317307692,1004,0.79,31629,975
Bar Harbor,2017,Unaffordable,946,0.508032129,506,38519,18.51875,963,0.98,37828,996
Bath,2000,Unaffordable,626,0.524681087,946,26666,12.820192308,667,0.94,25053,1803
Bath,2001,Unaffordable,656,0.517432208,935,27345,13.146634615,684,0.96,26222,1807
Bath,2003,Unaffordable,713,0.525377970,973,29935,14.391826923,748,0.95,28505,1852
Bath,2004,Unaffordable,704,0.557682084,1049,31365,15.079326923,784,0.9,28161,1881
Bath,2005,Unaffordable,718,0.588266108,1123,33730,16.216346154,843,0.85,28723,1909
Bath,2006,Unaffordable,725,0.577044025,1101,33390,16.052884615,835,0.87,28999,1908
Bath,2007,Unaffordable,729,0.592631033,1142,34453,16.563942308,861,0.85,29151,1927
Bath,2008,Unaffordable,753,0.6,1137,36063,17.337980769,902,0.84,30131,1895
Bath,2009,Unaffordable,787,0.527322404,965,33046,15.8875,826,0.95,31466,1830
Bath,2010,Unaffordable,796,0.527946537,869,33482,16.097115385,837,0.95,31856,1646
Bath,2011,Unaffordable,759,0.568590937,916,34254,16.468269231,856,0.89,30369,1611
Bath,2012,Unaffordable,780,0.581987578,937,36207,17.407211538,905,0.86,31201,1610
Bath,2013,Unaffordable,791,0.515134209,902,33356,16.036538462,834,0.95,31633,1751
Bath,2014,Unaffordable,819,0.548627002,959,37723,18.136057692,943,0.87,32770,1748
Bath,2015,Unaffordable,719,0.627800115,1093,40019,19.239903846,1000,0.72,28761,1741
Bath,2016,Unaffordable,648,0.631548647,1097,35726,17.175961538,893,0.73,25937,1737
Bath,2017,Unaffordable,686,0.636678201,1104,35859,17.239903846,896,0.76,27431,1734
Bath,2020,Unaffordable,802,0.594076655,1023,40397,19.421634615,1010,0.79,32092,1722
Bath,2002,Affordable,708,0.497865528,933,28213,13.563942308,705,1,28332,1874
Belfast,2001,Unaffordable,472,0.719953326,617,30669,14.744711538,767,0.62,18862,857
Belfast,2002,Unaffordable,496,0.658643326,602,28004,13.463461538,700,0.71,19842,914
Belfast,2003,Unaffordable,656,0.533991228,487,28469,13.687019231,712,0.92,26240,912
Belfast,2004,Unaffordable,646,0.586278586,564,31308,15.051923077,783,0.83,25854,962
Belfast,2005,Unaffordable,661,0.572622780,548,31383,15.087980769,785,0.84,26453,957
Belfast,2006,Unaffordable,713,0.529713115,517,30619,14.720673077,765,0.93,28524,976
Belfast,2007,Unaffordable,730,0.535606820,534,31764,15.271153846,794,0.92,29208,997
Belfast,2008,Unaffordable,744,0.533668342,531,32176,15.469230769,804,0.92,29749,995
Belfast,2009,Unaffordable,755,0.516563147,499,31439,15.114903846,786,0.96,30190,966
Belfast,2010,Unaffordable,795,0.508893281,515,32494,15.622115385,812,0.98,31790,1012
Belfast,2011,Unaffordable,727,0.588357588,566,35393,17.015865385,885,0.82,29087,962
Belfast,2013,Unaffordable,661,0.624257846,736,35379,17.009134615,884,0.75,26423,1179
Belfast,2014,Unaffordable,604,0.674810447,801,37900,18.221153846,948,0.64,24178,1187
Belfast,2016,Unaffordable,652,0.681438127,815,35748,17.186538462,894,0.73,26096,1196
Belfast,2017,Unaffordable,680,0.531613977,639,28691,13.79375,717,0.95,27195,1202
Belfast,2020,Unaffordable,963,0.568852459,694,49117,23.613942308,1228,0.78,38528,1220
Berwick,2009,Unaffordable,757,0.644314869,442,40250,19.350961538,1006,0.75,30270,686
Berwick,2017,Unaffordable,1154,0.551433390,327,52012,25.005769231,1300,0.89,46150,593
Bethel,2007,Unaffordable,637,0.611987382,194,32489,15.619711538,812,0.78,25489,317
Bethel,2008,Unaffordable,623,0.662379421,206,34170,16.427884615,854,0.73,24916,311
Bethel,2009,Unaffordable,614,0.624595469,193,31812,15.294230769,795,0.77,24560,309
Bethel,2010,Unaffordable,601,0.643533123,204,32272,15.515384615,807,0.75,24051,317
Bethel,2011,Unaffordable,590,0.643333333,193,32208,15.484615385,805,0.73,23620,300
Biddeford,2000,Unaffordable,616,0.522793404,2156,25952,12.476923077,649,0.95,24655,4124
Biddeford,2001,Unaffordable,652,0.531564726,2164,28035,13.478365385,701,0.93,26075,4071
Biddeford,2002,Unaffordable,669,0.534954407,2464,29021,13.952403846,726,0.92,26766,4606
Biddeford,2003,Unaffordable,666,0.564964447,2622,30661,14.740865385,767,0.87,26623,4641
Biddeford,2004,Unaffordable,663,0.587779870,2809,31761,15.269711538,794,0.84,26537,4779
Biddeford,2005,Unaffordable,677,0.596554658,2805,33112,15.919230769,828,0.82,27063,4702
Biddeford,2006,Unaffordable,680,0.596476510,2844,33176,15.95,829,0.82,27214,4768
Biddeford,2007,Unaffordable,685,0.598752599,2880,33481,16.096634615,837,0.82,27396,4810
Biddeford,2008,Unaffordable,708,0.588942815,2791,33966,16.329807692,849,0.83,28308,4739
Biddeford,2009,Unaffordable,719,0.585053226,2693,34305,16.492788462,858,0.84,28777,4603
Biddeford,2010,Unaffordable,738,0.559105431,2450,33404,16.059615385,835,0.88,29520,4382
Biddeford,2011,Unaffordable,717,0.595672752,2643,34780,16.721153846,869,0.82,28684,4437
Biddeford,2012,Unaffordable,720,0.585747244,2285,34513,16.592788462,863,0.83,28817,3901
Biddeford,2014,Unaffordable,869,0.557354618,2444,39570,19.024038462,989,0.88,34774,4385
Biddeford,2016,Unaffordable,778,0.654188541,2866,42897,20.623557692,1072,0.73,31118,4381
Biddeford,2017,Unaffordable,777,0.646305193,2825,43884,21.098076923,1097,0.71,31067,4371
Biddeford,2020,Unaffordable,1178,0.510643065,2279,48397,23.267788462,1210,0.97,47140,4463
Bingham,2017,Unaffordable,509,0.825688073,90,47705,22.935096154,1193,0.43,20369,109
Blue Hill,2008,Unaffordable,575,0.715415020,181,35185,16.915865385,880,0.65,23016,253
Blue Hill,2009,Unaffordable,573,0.763265306,187,38483,18.501442308,962,0.6,22916,245
Blue Hill,2010,Unaffordable,600,0.635983264,152,30930,14.870192308,773,0.78,23999,239
Blue Hill,2011,Unaffordable,609,0.659751037,159,33279,15.999519231,832,0.73,24351,241
Blue Hill,2017,Unaffordable,610,0.723404255,272,39232,18.861538462,981,0.62,24411,376
Boothbay,2008,Unaffordable,769,0.528409091,93,32553,15.650480769,814,0.95,30768,176
Boothbay,2009,Unaffordable,770,0.56,98,34823,16.741826923,871,0.88,30799,175
Boothbay,2010,Unaffordable,847,0.527397260,77,36303,17.453365385,908,0.93,33888,146
Boothbay,2011,Unaffordable,713,0.568493151,83,34179,16.432211538,854,0.83,28528,146
Boothbay,2016,Unaffordable,684,0.655913978,122,41850,20.120192308,1046,0.65,27380,186
Boothbay Harbor,2006,Unaffordable,582,0.75,258,38841,18.673557692,971,0.6,23271,344
Boothbay Harbor,2007,Unaffordable,571,0.736389685,257,36529,17.562019231,913,0.63,22848,349
Boothbay Harbor,2008,Unaffordable,634,0.688235294,234,37151,17.861057692,929,0.68,25344,340
Boothbay Harbor,2009,Unaffordable,640,0.755287009,250,43519,20.922596154,1088,0.59,25602,331
Boothbay Harbor,2010,Unaffordable,654,0.678445230,192,38146,18.339423077,954,0.69,26145,283
Boothbay Harbor,2011,Unaffordable,653,0.625,175,34115,16.401442308,853,0.77,26135,280
Boothbay Harbor,2017,Affordable,757,0.478632479,168,28888,13.888461538,722,1.05,30277,351
Bowdoinham,2004,Affordable,787,0.482758621,84,30164,14.501923077,754,1.04,31499,174
Bowdoinham,2005,Affordable,817,0.49375,79,32191,15.476442308,805,1.02,32691,160
Brewer,2001,Unaffordable,645,0.513196481,700,26572,12.775,664,0.97,25819,1364
Brewer,2003,Unaffordable,723,0.505992011,760,29324,14.098076923,733,0.99,28932,1502
Brewer,2004,Unaffordable,712,0.520958084,783,29850,14.350961538,746,0.95,28484,1503
Brewer,2005,Unaffordable,749,0.559523810,846,34227,16.455288462,856,0.88,29975,1512
Brewer,2006,Unaffordable,767,0.549121666,844,34433,16.554326923,861,0.89,30696,1537
Brewer,2007,Unaffordable,783,0.539057456,835,34521,16.596634615,863,0.91,31322,1549
Brewer,2008,Unaffordable,804,0.548427673,872,35955,17.286057692,899,0.89,32164,1590
Brewer,2009,Unaffordable,814,0.534779834,838,35374,17.006730769,884,0.92,32579,1567
Brewer,2010,Unaffordable,855,0.505037783,802,34674,16.670192308,867,0.99,34217,1588
Brewer,2011,Unaffordable,767,0.549778060,867,34381,16.529326923,860,0.89,30663,1577
Brewer,2012,Unaffordable,803,0.557038025,835,36321,17.462019231,908,0.88,32138,1499
Brewer,2014,Unaffordable,752,0.586080586,960,37690,18.120192308,942,0.8,30079,1638
Brewer,2015,Unaffordable,856,0.562650602,934,39496,18.988461538,987,0.87,34221,1660
Brewer,2016,Unaffordable,862,0.748640483,1239,54867,26.378365385,1372,0.63,34496,1655
Brewer,2017,Unaffordable,809,0.772259237,1275,60334,29.006730769,1508,0.54,32372,1651
Brewer,2000,Affordable,611,0.496118012,639,24258,11.6625,606,1.01,24437,1288
Brewer,2002,Affordable,722,0.448228883,658,25858,12.431730769,646,1.12,28895,1468
Brewer,2013,Affordable,907,0.491763270,806,35635,17.132211538,891,1.02,36264,1639
Bridgton,2001,Unaffordable,592,0.626262626,310,29406,14.1375,735,0.8,23662,495
Bridgton,2002,Unaffordable,693,0.538160470,275,29842,14.347115385,746,0.93,27721,511
Bridgton,2003,Unaffordable,656,0.548262548,284,29041,13.962019231,726,0.9,26235,518
Bridgton,2004,Unaffordable,689,0.531372549,271,29237,14.05625,731,0.94,27552,510
Bridgton,2005,Unaffordable,712,0.564796905,292,32227,15.49375,806,0.88,28465,517
Bridgton,2006,Unaffordable,743,0.530075188,282,31549,15.167788462,789,0.94,29712,532
Bridgton,2008,Unaffordable,755,0.557798165,304,33475,16.09375,837,0.9,30210,545
Bridgton,2009,Unaffordable,786,0.529929577,301,33327,16.022596154,833,0.94,31443,568
Bridgton,2010,Unaffordable,811,0.514492754,284,33316,16.017307692,833,0.97,32443,552
Bridgton,2011,Unaffordable,771,0.536502547,316,32875,15.805288462,822,0.94,30856,589
Bridgton,2012,Unaffordable,756,0.509890110,232,30777,14.796634615,769,0.98,30252,455
Bridgton,2013,Unaffordable,677,0.578583765,335,32439,15.595673077,811,0.83,27082,579
Bridgton,2014,Unaffordable,576,0.707692308,414,35841,17.23125,896,0.64,23027,585
Bridgton,2017,Unaffordable,740,0.564059900,339,35597,17.113942308,890,0.83,29620,601
Bridgton,2007,Affordable,774,0.499068901,268,30906,14.858653846,773,1,30940,537
Brooks,2017,Unaffordable,468,0.877358491,93,47510,22.841346154,1188,0.39,18713,106
Brownfield,2017,Affordable,934,0.373493976,31,29779,14.316826923,744,1.25,37343,83
Brownville,2017,Unaffordable,603,0.805194805,62,35217,16.93125,880,0.68,24117,77
Brunswick,2003,Unaffordable,800,0.534113712,1597,34277,16.479326923,857,0.93,31981,2990
Brunswick,2004,Unaffordable,768,0.575481256,1704,35668,17.148076923,892,0.86,30706,2961
Brunswick,2005,Unaffordable,806,0.547940464,1583,35552,17.092307692,889,0.91,32225,2889
Brunswick,2006,Unaffordable,817,0.555743243,1645,36733,17.660096154,918,0.89,32684,2960
Brunswick,2007,Unaffordable,824,0.567118644,1673,37908,18.225,948,0.87,32950,2950
Brunswick,2008,Unaffordable,845,0.542499153,1602,37030,17.802884615,926,0.91,33807,2953
Brunswick,2009,Unaffordable,873,0.525293132,1568,36912,17.746153846,923,0.95,34913,2985
Brunswick,2011,Unaffordable,832,0.566435872,1718,38167,18.349519231,954,0.87,33298,3033
Brunswick,2012,Unaffordable,835,0.516515544,1595,34503,16.587980769,863,0.97,33384,3088
Brunswick,2013,Unaffordable,813,0.576079005,1575,38633,18.573557692,966,0.84,32537,2734
Brunswick,2014,Unaffordable,794,0.611738972,1678,40981,19.702403846,1025,0.78,31770,2743
Brunswick,2000,Affordable,762,0.473135272,1497,28769,13.83125,719,1.06,30481,3164
Brunswick,2001,Affordable,810,0.448056087,1406,29218,14.047115385,730,1.11,32392,3138
Brunswick,2002,Affordable,778,0.471256684,1410,29334,14.102884615,733,1.06,31111,2992
Brunswick,2010,Affordable,887,0.500344828,1451,35495,17.064903846,887,1,35465,2900
Brunswick,2016,Affordable,766,0.492836676,1376,30194,14.516346154,755,1.02,30654,2792
Brunswick,2017,Affordable,862,0.422198806,1202,28167,13.541826923,704,1.22,34499,2847
Buckfield,2017,Unaffordable,668,0.805555556,116,51119,24.576442308,1278,0.52,26713,144
Bucksport,2007,Unaffordable,681,0.637010676,358,35243,16.94375,881,0.77,27244,562
Bucksport,2008,Unaffordable,694,0.600358423,335,33246,15.983653846,831,0.83,27744,558
Bucksport,2009,Unaffordable,691,0.562152134,303,31278,15.0375,782,0.88,27633,539
Bucksport,2010,Unaffordable,719,0.576850095,304,33109,15.917788462,828,0.87,28749,527
Bucksport,2017,Unaffordable,525,0.662316476,406,39342,18.914423077,984,0.53,21010,613
Buxton,2009,Unaffordable,980,0.506302521,241,39742,19.106730769,994,0.99,39193,476
Buxton,2002,Affordable,919,0.439461883,196,32857,15.796634615,821,1.12,36743,446
Buxton,2003,Affordable,1000,0.426406926,197,35149,16.898557692,879,1.14,39999,462
Buxton,2004,Affordable,940,0.455319149,214,34522,16.597115385,863,1.09,37620,470
Buxton,2006,Affordable,981,0.430041152,209,34595,16.632211538,865,1.13,39226,486
Calais,2003,Unaffordable,481,0.525046382,283,20523,9.866826923,513,0.94,19222,539
Calais,2004,Unaffordable,460,0.620626151,337,24681,11.865865385,617,0.75,18412,543
Calais,2005,Unaffordable,481,0.641025641,350,27068,13.013461538,677,0.71,19258,546
Calais,2006,Unaffordable,454,0.628205128,343,24635,11.84375,616,0.74,18147,546
Calais,2007,Unaffordable,444,0.655109489,359,25777,12.392788462,644,0.69,17751,548
Calais,2008,Unaffordable,511,0.630996310,342,27597,13.267788462,690,0.74,20438,542
Calais,2009,Unaffordable,493,0.637898687,340,26790,12.879807692,670,0.74,19738,533
Calais,2010,Unaffordable,534,0.595121951,366,26293,12.640865385,657,0.81,21345,615
Calais,2012,Unaffordable,507,0.659090909,290,28902,13.895192308,723,0.7,20268,440
Calais,2013,Unaffordable,536,0.653239930,373,31134,14.968269231,778,0.69,21440,571
Calais,2015,Unaffordable,560,0.670250896,374,32773,15.75625,819,0.68,22410,558
Calais,2016,Unaffordable,673,0.608534323,328,34245,16.463942308,856,0.79,26937,539
Calais,2017,Unaffordable,611,0.628942486,339,34353,16.515865385,859,0.71,24448,539
Calais,2020,Unaffordable,627,0.531548757,278,28040,13.480769231,701,0.89,25088,523
Calais,2001,Affordable,574,0.445221445,191,20364,9.790384615,509,1.13,22966,429
Calais,2002,Affordable,595,0.466911765,254,22070,10.610576923,552,1.08,23811,544
Camden,2001,Unaffordable,706,0.517663043,381,29501,14.183173077,738,0.96,28231,736
Camden,2002,Unaffordable,814,0.523056653,397,33984,16.338461538,850,0.96,32578,759
Camden,2003,Unaffordable,684,0.576623377,444,32563,15.655288462,814,0.84,27367,770
Camden,2004,Unaffordable,679,0.616993464,472,34191,16.437980769,855,0.79,27164,765
Camden,2005,Unaffordable,697,0.588699080,448,33815,16.257211538,845,0.82,27875,761
Camden,2006,Unaffordable,670,0.641633729,487,37248,17.907692308,931,0.72,26813,759
Camden,2007,Unaffordable,666,0.637086093,481,36386,17.493269231,910,0.73,26651,755
Camden,2009,Unaffordable,724,0.567819149,427,33745,16.223557692,844,0.86,28980,752
Camden,2010,Unaffordable,726,0.572207084,420,34173,16.429326923,854,0.85,29037,734
Camden,2011,Unaffordable,686,0.567415730,404,32127,15.445673077,803,0.85,27426,712
Camden,2017,Unaffordable,843,0.564571429,494,39432,18.957692308,986,0.86,33727,875
Camden,2014,Affordable,890,0.501182033,424,35783,17.203365385,895,1,35619,846
Camden,2016,Affordable,1055,0.476798144,411,39370,18.927884615,984,1.07,42216,862
Cape Elizabeth,2004,Unaffordable,1014,0.536130536,230,43882,21.097115385,1097,0.92,40542,429
Cape Elizabeth,2007,Unaffordable,1214,0.544186047,234,53446,25.695192308,1336,0.91,48553,430
Cape Elizabeth,2020,Unaffordable,1841,0.580524345,310,92397,44.421634615,2310,0.8,73648,534
Cape Elizabeth,2006,Affordable,1185,0.435185185,188,42273,20.323557692,1057,1.12,47406,432
Caribou,2008,Unaffordable,576,0.554019015,641,25609,12.312019231,640,0.9,23025,1157
Caribou,2009,Unaffordable,584,0.552238806,629,26088,12.542307692,652,0.9,23358,1139
Caribou,2010,Unaffordable,600,0.533169533,651,25767,12.387980769,644,0.93,23999,1221
Caribou,2011,Unaffordable,574,0.564924115,670,26420,12.701923077,661,0.87,22977,1186
Caribou,2012,Unaffordable,565,0.598249027,615,28262,13.5875,707,0.8,22614,1028
Caribou,2014,Unaffordable,593,0.562608696,647,27831,13.380288462,696,0.85,23732,1150
Caribou,2015,Unaffordable,656,0.530195382,597,29088,13.984615385,727,0.9,26260,1126
Caribou,2016,Unaffordable,614,0.549686661,614,28644,13.771153846,716,0.86,24540,1117
Caribou,2017,Unaffordable,567,0.595130748,660,28903,13.895673077,723,0.79,22690,1109
Caribou,2001,Affordable,553,0.432656827,469,19128,9.196153846,478,1.16,22113,1084
Caribou,2002,Affordable,632,0.368081181,399,18249,8.773557692,456,1.38,25263,1084
Caribou,2003,Affordable,527,0.488542621,533,20566,9.8875,514,1.02,21069,1091
Caribou,2004,Affordable,534,0.491119005,553,20992,10.092307692,525,1.02,21377,1126
Caribou,2005,Affordable,557,0.482511211,538,21504,10.338461538,538,1.04,22281,1115
Caribou,2006,Affordable,568,0.460654288,521,21056,10.123076923,526,1.08,22725,1131
Caribou,2007,Affordable,579,0.486013986,556,22597,10.863942308,565,1.03,23174,1144
Caribou,2013,Affordable,752,0.464560205,544,27598,13.268269231,690,1.09,30088,1171
Caribou,2020,Affordable,700,0.479284369,509,26024,12.511538462,651,1.08,27981,1062
Carmel,2006,Unaffordable,757,0.543103448,63,32951,15.841826923,824,0.92,30293,116
Cherryfield,2006,Unaffordable,451,0.674418605,87,27272,13.111538462,682,0.66,18035,129
Cherryfield,2017,Unaffordable,768,0.585858586,116,37540,18.048076923,938,0.82,30713,198
China,2017,Unaffordable,750,0.582142857,163,33953,16.323557692,849,0.88,29999,280
China,2005,Affordable,771,0.442446043,123,28433,13.669711538,711,1.08,30845,278
Clinton,2017,Unaffordable,665,0.587301587,148,30539,14.682211538,763,0.87,26606,252
Clinton,2000,Affordable,642,0.362637363,66,19019,9.14375,475,1.35,25666,182
Codyville Plt.,2005,Unaffordable,0,,0,43106,20.724038462,1078,0,0,0
Codyville Plt.,2006,Unaffordable,0,,0,36303,17.453365385,908,0,0,0
Codyville Plt.,2007,Unaffordable,0,,0,37284,17.925,932,0,0,0
Codyville Plt.,2008,Unaffordable,0,,0,38860,18.682692308,972,0,0,0
Codyville Plt.,2009,Unaffordable,0,,0,38857,18.68125,971,0,0,0
Codyville Plt.,2010,Unaffordable,0,0,0,35487,17.061057692,887,0,0,1
Codyville Plt.,2011,Unaffordable,0,0,0,34286,16.483653846,857,0,0,1
Codyville Plt.,2014,Unaffordable,0,0,0,40362,19.404807692,1009,0,0,4
Columbia Falls,2017,Unaffordable,417,0.840909091,37,39679,19.076442308,992,0.42,16666,44
Corinna,2020,Unaffordable,701,0.592592593,128,32432,15.592307692,811,0.86,28042,216
Cumberland,2017,Affordable,1681,0.294117647,80,39855,19.161057692,996,1.69,67240,272
Damariscotta,2002,Unaffordable,723,0.572463768,158,33158,15.941346154,829,0.87,28912,276
Damariscotta,2006,Unaffordable,605,0.679856115,189,36747,17.666826923,919,0.66,24205,278
Damariscotta,2007,Unaffordable,609,0.676258993,188,35640,17.134615385,891,0.68,24354,278
Damariscotta,2008,Unaffordable,607,0.702898551,194,39071,18.784134615,977,0.62,24264,276
Damariscotta,2009,Unaffordable,579,0.693227092,174,35205,16.925480769,880,0.66,23174,251
Damariscotta,2010,Unaffordable,633,0.639639640,142,35238,16.941346154,881,0.72,25322,222
Damariscotta,2011,Unaffordable,606,0.651376147,142,36262,17.433653846,907,0.67,24244,218
Damariscotta,2012,Unaffordable,602,0.661835749,137,35205,16.925480769,880,0.68,24062,207
Damariscotta,2016,Unaffordable,768,0.582132565,202,34389,16.533173077,860,0.89,30704,347
Damariscotta,2017,Unaffordable,765,0.543604651,187,32824,15.780769231,821,0.93,30605,344
Damariscotta,2001,Affordable,706,0.486486486,108,27528,13.234615385,688,1.03,28249,222
Detroit,2020,Unaffordable,580,0.681818182,45,39000,18.75,975,0.59,23181,66
Dexter,2006,Unaffordable,540,0.592427617,266,26287,12.637980769,657,0.82,21615,449
Dexter,2007,Unaffordable,550,0.597315436,267,27483,13.212980769,687,0.8,21989,447
Dexter,2008,Unaffordable,558,0.622171946,275,29098,13.989423077,727,0.77,22319,442
Dexter,2009,Unaffordable,536,0.616780045,272,27331,13.139903846,683,0.78,21449,441
Dexter,2010,Unaffordable,584,0.582417582,265,28030,13.475961538,701,0.83,23365,455
Dexter,2012,Unaffordable,549,0.612,306,27735,13.334134615,693,0.79,21948,500
Dexter,2013,Unaffordable,557,0.585461690,298,27618,13.277884615,690,0.81,22276,509
Dexter,2016,Unaffordable,603,0.656686627,329,35934,17.275961538,898,0.67,24102,501
Dexter,2017,Unaffordable,505,0.721442886,360,37284,17.925,932,0.54,20210,499
Dover-Foxcroft,2003,Unaffordable,541,0.556701031,216,23976,11.526923077,599,0.9,21629,388
Dover-Foxcroft,2006,Unaffordable,576,0.559523810,235,25724,12.367307692,643,0.9,23036,420
Dover-Foxcroft,2007,Unaffordable,582,0.542923434,234,24949,11.994711538,624,0.93,23273,431
Dover-Foxcroft,2008,Unaffordable,598,0.56,238,27426,13.185576923,686,0.87,23914,425
Dover-Foxcroft,2009,Unaffordable,612,0.554187192,225,27695,13.314903846,692,0.88,24467,406
Dover-Foxcroft,2010,Unaffordable,621,0.546697039,240,27987,13.455288462,700,0.89,24846,439
Dover-Foxcroft,2011,Unaffordable,599,0.596736597,256,30105,14.473557692,753,0.8,23959,429
Dover-Foxcroft,2012,Unaffordable,595,0.602247191,268,30253,14.544711538,756,0.79,23797,445
Dover-Foxcroft,2013,Unaffordable,674,0.525054466,241,28454,13.679807692,711,0.95,26961,459
Dover-Foxcroft,2017,Affordable,852,0.450331126,204,30404,14.617307692,760,1.12,34097,453
Eagle Lake,2017,Unaffordable,493,0.87,87,49676,23.882692308,1242,0.4,19736,100
East Machias,2017,Unaffordable,762,0.578431373,59,34339,16.509134615,858,0.89,30499,102
East Millinocket,2002,Affordable,671,0.389189189,72,18362,8.827884615,459,1.46,26841,185
East Millinocket,2004,Affordable,487,0.467391304,86,17515,8.420673077,438,1.11,19482,184
Eastport,2006,Unaffordable,484,0.580786026,133,22352,10.746153846,559,0.87,19343,229
Eastport,2008,Unaffordable,502,0.737991266,169,32526,15.6375,813,0.62,20082,229
Eastport,2009,Unaffordable,504,0.68,153,28590,13.745192308,715,0.71,20163,225
Eastport,2010,Unaffordable,546,0.612167300,161,26937,12.950480769,673,0.81,21837,263
Eastport,2016,Unaffordable,512,0.763819095,152,37925,18.233173077,948,0.54,20487,199
Eastport,2017,Unaffordable,590,0.746268657,150,39192,18.842307692,980,0.6,23589,201
Eddington,2020,Unaffordable,1040,0.518987342,82,43517,20.921634615,1088,0.96,41599,158
Edgecomb,2017,Affordable,866,0.397849462,37,27555,13.247596154,689,1.26,34642,93
Eliot,2020,Unaffordable,1514,0.586666667,264,72221,34.721634615,1806,0.84,60541,450
Eliot,2017,Affordable,1212,0.473067916,202,45379,21.816826923,1134,1.07,48499,427
Ellsworth,2001,Unaffordable,571,0.588439306,509,26958,12.960576923,674,0.85,22856,865
Ellsworth,2002,Unaffordable,577,0.621229050,556,30085,14.463942308,752,0.77,23083,895
Ellsworth,2003,Unaffordable,611,0.566629339,506,28541,13.721634615,714,0.86,24456,893
Ellsworth,2004,Unaffordable,622,0.600431965,556,31047,14.926442308,776,0.8,24883,926
Ellsworth,2005,Unaffordable,639,0.628571429,594,33848,16.273076923,846,0.76,25577,945
Ellsworth,2006,Unaffordable,657,0.618274112,609,33798,16.249038462,845,0.78,26265,985
Ellsworth,2007,Unaffordable,671,0.620078740,630,34480,16.576923077,862,0.78,26823,1016
Ellsworth,2008,Unaffordable,683,0.608866995,618,34586,16.627884615,865,0.79,27335,1015
Ellsworth,2009,Unaffordable,693,0.59375,589,34202,16.443269231,855,0.81,27726,992
Ellsworth,2010,Unaffordable,726,0.560416667,538,33319,16.01875,833,0.87,29043,960
Ellsworth,2011,Unaffordable,692,0.609631148,595,35276,16.959615385,882,0.78,27675,976
Ellsworth,2012,Unaffordable,680,0.624694377,511,36079,17.345673077,902,0.75,27202,818
Ellsworth,2013,Unaffordable,756,0.596003475,686,35811,17.216826923,895,0.84,30256,1151
Ellsworth,2014,Unaffordable,773,0.596872285,687,37881,18.212019231,947,0.82,30938,1151
Ellsworth,2015,Unaffordable,699,0.609652837,720,36445,17.521634615,911,0.77,27949,1181
Ellsworth,2016,Unaffordable,662,0.672849916,798,40731,19.582211538,1018,0.65,26460,1186
Ellsworth,2017,Unaffordable,666,0.667222686,800,39920,19.192307692,998,0.67,26632,1199
Ellsworth,2020,Unaffordable,818,0.746721311,911,65517,31.498557692,1638,0.5,32719,1220
Fairfield,2000,Affordable,557,0.429824561,294,19461,9.35625,487,1.14,22266,684
Fairfield,2003,Affordable,710,0.415873016,262,23451,11.274519231,586,1.21,28389,630
Fairfield,2004,Affordable,717,0.415094340,264,23951,11.514903846,599,1.2,28688,636
Fairfield,2007,Affordable,753,0.457703927,303,27623,13.280288462,691,1.09,30132,662
Fairfield,2008,Affordable,798,0.451420030,302,28124,13.521153846,703,1.13,31918,669
Fairfield,2009,Affordable,800,0.433878158,292,26072,12.534615385,652,1.23,31999,673
Fairfield,2010,Affordable,837,0.454666667,341,29974,14.410576923,749,1.12,33468,750
Fairfield,2011,Affordable,759,0.479374111,337,29045,13.963942308,726,1.05,30366,703
Fairfield,2012,Affordable,798,0.456641054,416,29128,14.003846154,728,1.1,31914,911
Fairfield,2017,Affordable,804,0.462277092,337,29443,14.155288462,736,1.09,32177,729
Fairfield,2020,Affordable,643,0.441416894,324,22397,10.767788462,560,1.15,25728,734
Falmouth,2005,Unaffordable,1148,0.541850220,369,49660,23.875,1242,0.92,45926,681
Falmouth,2006,Unaffordable,1169,0.547723935,373,51273,24.650480769,1282,0.91,46741,681
Falmouth,2017,Unaffordable,1461,0.589834515,499,72721,34.962019231,1818,0.8,58458,846
Falmouth,2003,Affordable,1193,0.453757225,314,43837,21.075480769,1096,1.09,47719,692
Falmouth,2004,Affordable,1132,0.502209131,341,45511,21.880288462,1138,1,45294,679
Farmingdale,2006,Unaffordable,641,0.585294118,199,30471,14.649519231,762,0.84,25655,340
Farmingdale,2016,Unaffordable,371,0.682795699,254,35372,17.005769231,884,0.42,14857,372
Farmingdale,2017,Unaffordable,484,0.703504043,261,35603,17.116826923,890,0.54,19361,371
Farmingdale,2020,Unaffordable,716,0.623306233,230,35254,16.949038462,881,0.81,28642,369
Farmington,2002,Unaffordable,457,0.593120805,707,22539,10.836057692,563,0.81,18294,1192
Farmington,2003,Unaffordable,477,0.596964587,708,23610,11.350961538,590,0.81,19093,1186
Farmington,2004,Unaffordable,482,0.589915966,702,23752,11.419230769,594,0.81,19291,1190
Farmington,2005,Unaffordable,502,0.618487395,736,26067,12.532211538,652,0.77,20099,1190
Farmington,2006,Unaffordable,518,0.643572621,771,28613,13.75625,715,0.72,20708,1198
Farmington,2007,Unaffordable,530,0.657237937,790,30130,14.485576923,753,0.7,21219,1202
Farmington,2008,Unaffordable,549,0.626841244,766,29216,14.046153846,730,0.75,21956,1222
Farmington,2009,Unaffordable,534,0.618539787,754,28003,13.462980769,700,0.76,21354,1219
Farmington,2010,Unaffordable,577,0.590370370,797,28328,13.619230769,708,0.81,23072,1350
Farmington,2011,Unaffordable,577,0.609028309,796,29564,14.213461538,739,0.78,23070,1307
Farmington,2012,Unaffordable,571,0.546443515,653,25125,12.079326923,628,0.91,22850,1195
Farmington,2013,Unaffordable,611,0.564044944,753,29583,14.222596154,740,0.83,24451,1335
Farmington,2014,Unaffordable,628,0.598039216,793,32854,15.795192308,821,0.76,25118,1326
Farmington,2016,Unaffordable,520,0.751682872,1005,43626,20.974038462,1091,0.48,20784,1337
Farmington,2017,Unaffordable,550,0.753286930,974,44824,21.55,1121,0.49,21988,1293
Farmington,2001,Affordable,496,0.501251043,601,19931,9.582211538,498,1,19860,1199
Farmington,2020,Affordable,817,0.450193050,583,28908,13.898076923,723,1.13,32675,1295
Fort Fairfield,2016,Unaffordable,439,0.685579196,290,29681,14.269711538,742,0.59,17565,423
Fort Fairfield,2017,Unaffordable,448,0.722222222,299,30098,14.470192308,752,0.6,17920,414
Fort Kent,2017,Unaffordable,514,0.548060708,325,24522,11.789423077,613,0.84,20562,593
Freeport,2003,Unaffordable,873,0.581560284,410,42995,20.670673077,1075,0.81,34925,705
Freeport,2005,Unaffordable,838,0.556629834,403,39254,18.872115385,981,0.85,33513,724
Freeport,2006,Unaffordable,835,0.583791209,425,41898,20.143269231,1047,0.8,33381,728
Freeport,2007,Unaffordable,817,0.599184783,441,42786,20.570192308,1070,0.76,32680,736
Freeport,2008,Unaffordable,853,0.621067031,454,46777,22.488942308,1169,0.73,34126,731
Freeport,2009,Unaffordable,950,0.510121457,378,39054,18.775961538,976,0.97,38013,741
Freeport,2016,Unaffordable,935,0.549242424,435,42126,20.252884615,1053,0.89,37418,792
Freeport,2001,Affordable,1002,0.501308901,383,40161,19.308173077,1004,1,40082,764
Freeport,2017,Affordable,1124,0.472049689,380,42241,20.308173077,1056,1.06,44978,805
Fryeburg,2017,Affordable,803,0.457725948,157,29779,14.316826923,744,1.08,32130,343
Gardiner,2006,Unaffordable,705,0.511603376,485,28991,13.937980769,725,0.97,28213,948
Gardiner,2007,Unaffordable,719,0.548218029,523,32096,15.430769231,802,0.9,28767,954
Gardiner,2011,Unaffordable,766,0.505530973,457,31055,14.930288462,776,0.99,30624,904
Gardiner,2012,Unaffordable,731,0.506983240,363,29720,14.288461538,743,0.98,29256,716
Gardiner,2014,Unaffordable,833,0.503370787,448,33541,16.125480769,839,0.99,33301,890
Gardiner,2016,Unaffordable,768,0.581235698,508,36730,17.658653846,918,0.84,30701,874
Gardiner,2017,Unaffordable,716,0.621212121,533,36920,17.75,923,0.78,28642,858
Gardiner,2020,Unaffordable,824,0.590431739,506,41397,19.902403846,1035,0.8,32969,857
Gardiner,2000,Affordable,558,0.436743674,397,19276,9.267307692,482,1.16,22313,909
Gardiner,2001,Affordable,583,0.469273743,420,21929,10.542788462,548,1.06,23324,895
Gardiner,2002,Affordable,612,0.501063830,471,24551,11.803365385,614,1,24484,940
Gardiner,2003,Affordable,668,0.477419355,444,25334,12.179807692,633,1.06,26732,930
Gardiner,2004,Affordable,671,0.493107105,465,26371,12.678365385,659,1.02,26832,943
Gardiner,2005,Affordable,692,0.491062040,467,27058,13.008653846,676,1.02,27697,951
Gardiner,2008,Affordable,775,0.484913793,450,29903,14.376442308,748,1.04,30983,928
Gardiner,2009,Affordable,774,0.477272727,441,29267,14.070673077,732,1.06,30967,924
Gardiner,2010,Affordable,778,0.458333333,407,27979,13.451442308,699,1.11,31101,888
Gardiner,2013,Affordable,923,0.432402235,387,32120,15.442307692,803,1.15,36923,895
Glenburn,2005,Unaffordable,736,0.704918033,129,42622,20.491346154,1066,0.69,29428,183
Gorham,2003,Unaffordable,872,0.510721248,524,35664,17.146153846,892,0.98,34862,1026
Gorham,2004,Unaffordable,899,0.515880654,536,37120,17.846153846,928,0.97,35954,1039
Gorham,2005,Unaffordable,931,0.523502304,568,38861,18.683173077,972,0.96,37230,1085
Gorham,2006,Unaffordable,916,0.574468085,621,42089,20.235096154,1052,0.87,36647,1081
Gorham,2007,Unaffordable,925,0.543221110,597,40090,19.274038462,1002,0.92,36997,1099
Gorham,2008,Unaffordable,936,0.565656566,616,42214,20.295192308,1055,0.89,37443,1089
Gorham,2009,Unaffordable,970,0.544373285,595,42199,20.287980769,1055,0.92,38784,1093
Gorham,2010,Unaffordable,986,0.525358852,549,41504,19.953846154,1038,0.95,39445,1045
Gorham,2017,Unaffordable,1163,0.594315245,690,58539,28.14375,1463,0.79,46505,1161
Gorham,2000,Affordable,800,0.451508621,419,29474,14.170192308,737,1.09,32005,928
Gray,2017,Unaffordable,1058,0.563172043,419,50721,24.385096154,1268,0.83,42320,744
Gray,2001,Affordable,967,0.375241779,194,31097,14.950480769,777,1.24,38677,517
Gray,2002,Affordable,1105,0.381443299,222,35141,16.894711538,879,1.26,44210,582
Gray,2003,Affordable,1112,0.353140917,208,37007,17.791826923,925,1.2,44493,589
Gray,2004,Affordable,1090,0.407284768,246,38818,18.6625,970,1.12,43620,604
Gray,2005,Affordable,1101,0.443719413,272,41179,19.797596154,1029,1.07,44024,613
Gray,2006,Affordable,1108,0.369105691,227,37741,18.144711538,944,1.17,44333,615
Gray,2007,Affordable,1106,0.419871795,262,40240,19.346153846,1006,1.1,44224,624
Gray,2008,Affordable,1154,0.419968304,265,41896,20.142307692,1047,1.1,46165,631
Gray,2009,Affordable,1177,0.402190923,257,41613,20.00625,1040,1.13,47077,639
Greenville,2006,Unaffordable,622,0.553648069,129,28866,13.877884615,722,0.86,24893,233
Greenville,2007,Unaffordable,651,0.525423729,124,28182,13.549038462,705,0.92,26033,236
Guilford,2008,Unaffordable,625,0.598765432,97,31208,15.003846154,780,0.8,24999,162
Guilford,2009,Unaffordable,668,0.538961039,83,29287,14.080288462,732,0.91,26738,154
Hallowell,2004,Unaffordable,666,0.553235908,265,29407,14.137980769,735,0.91,26648,479
Hallowell,2006,Unaffordable,677,0.577777778,286,31151,14.976442308,779,0.87,27073,495
Hallowell,2007,Unaffordable,674,0.613360324,303,32801,15.769711538,820,0.82,26978,494
Hallowell,2008,Unaffordable,699,0.609311741,301,34072,16.380769231,852,0.82,27954,494
Hallowell,2010,Unaffordable,723,0.528508772,241,30581,14.702403846,765,0.95,28923,456
Hallowell,2000,Affordable,755,0.371369295,179,21948,10.551923077,549,1.38,30210,482
Hampden,2000,Affordable,824,0.316702820,146,24758,11.902884615,619,1.33,32951,461
Hampden,2002,Affordable,907,0.374524715,197,30252,14.544230769,756,1.2,36292,526
Hampden,2003,Affordable,1006,0.376383764,204,31522,15.154807692,788,1.28,40235,542
Hampden,2004,Affordable,1016,0.389396709,213,32074,15.420192308,802,1.27,40624,547
Hampden,2006,Affordable,1122,0.387211368,218,35408,17.023076923,885,1.27,44875,563
Hampden,2007,Affordable,1164,0.363157895,207,34913,16.785096154,873,1.33,46549,570
Hampden,2008,Affordable,1192,0.383275261,220,38054,18.295192308,951,1.25,47691,574
Hampden,2009,Affordable,1170,0.442538593,258,41993,20.188942308,1050,1.11,46785,583
Hampden,2010,Affordable,1214,0.332252836,205,34618,16.643269231,865,1.4,48580,617
Hampden,2011,Affordable,1165,0.374384236,228,35645,17.137019231,891,1.31,46610,609
Hampden,2012,Affordable,1026,0.465789474,177,37600,18.076923077,940,1.09,41052,380
Hampden,2017,Affordable,1266,0.416393443,254,42000,20.192307692,1050,1.21,50651,610
Hancock,2007,Unaffordable,778,0.540669856,113,33161,15.942788462,829,0.94,31124,209
Hancock,2012,Unaffordable,794,0.576470588,147,35958,17.2875,899,0.88,31764,255
Harpswell,2003,Unaffordable,740,0.579961464,301,34077,16.383173077,852,0.87,29619,519
Harpswell,2006,Unaffordable,753,0.587548638,302,34851,16.755288462,871,0.86,30105,514
Harpswell,2007,Unaffordable,754,0.611328125,313,36640,17.615384615,916,0.82,30157,512
Harpswell,2008,Unaffordable,764,0.649402390,326,40428,19.436538462,1011,0.76,30555,502
Harpswell,2009,Unaffordable,765,0.581349206,293,35143,16.895673077,879,0.87,30603,504
Harpswell,2010,Unaffordable,821,0.544329897,264,35657,17.142788462,891,0.92,32839,485
Harpswell,2011,Unaffordable,827,0.524177950,271,34597,16.633173077,865,0.96,33062,517
Harpswell,2000,Affordable,835,0.457256461,230,30928,14.869230769,773,1.08,33411,503
Harpswell,2001,Affordable,904,0.405405405,210,30096,14.469230769,752,1.2,36143,518
Harpswell,2002,Affordable,1027,0.36328125,186,30609,14.715865385,765,1.34,41084,512
Harpswell,2013,Affordable,1062,0.406666667,183,33631,16.16875,841,1.26,42499,450
Harrison,2005,Unaffordable,711,0.608,76,36827,17.705288462,921,0.77,28437,125
Hartland,2017,Unaffordable,508,0.751479290,127,34940,16.798076923,874,0.58,20325,169
Hermon,2011,Unaffordable,974,0.524216524,184,41160,19.788461538,1029,0.95,38940,351
Hermon,2012,Unaffordable,951,0.511834320,173,39053,18.775480769,976,0.97,38055,338
Hermon,2017,Unaffordable,919,0.585241730,230,43687,21.003365385,1092,0.84,36746,393
Hermon,2007,Affordable,972,0.477272727,147,36981,17.779326923,925,1.05,38888,308
Hermon,2008,Affordable,1007,0.491071429,165,39439,18.961057692,986,1.02,40262,336
Hermon,2009,Affordable,967,0.445427729,151,34117,16.402403846,853,1.13,38681,339
Hermon,2010,Affordable,1048,0.481690141,171,40304,19.376923077,1008,1.04,41913,355
Hodgdon,2017,Unaffordable,500,0.635294118,54,27445,13.194711538,686,0.73,19999,85
Houlton,2017,Affordable,593,0.484167518,474,23025,11.069711538,576,1.03,23727,979
Howland,2017,Unaffordable,517,0.707964602,80,33307,16.012980769,833,0.62,20681,113
Jay,2005,Affordable,683,0.445,178,24022,11.549038462,601,1.14,27332,400
Jay,2006,Affordable,717,0.389312977,153,22436,10.786538462,561,1.28,28671,393
Jay,2008,Affordable,767,0.448979592,176,27414,13.179807692,685,1.12,30666,392
Jay,2009,Affordable,761,0.384816754,147,22998,11.056730769,575,1.32,30438,382
Jay,2010,Affordable,816,0.361305361,155,23640,11.365384615,591,1.38,32651,429
Jay,2011,Affordable,766,0.375,153,22882,11.000961538,572,1.34,30644,408
Jay,2016,Affordable,849,0.262755102,103,25063,12.049519231,627,1.35,33951,392
Jay,2017,Affordable,867,0.247448980,97,24487,11.772596154,612,1.42,34696,392
Jay,2020,Affordable,858,0.389033943,149,27821,13.375480769,696,1.23,34317,383
Jefferson,2012,Unaffordable,705,0.533980583,55,30857,14.835096154,771,0.91,28213,103
Jefferson,2006,Affordable,762,0.464566929,59,28315,13.612980769,708,1.08,30475,127
Jefferson,2010,Affordable,792,0.466666667,56,28837,13.863942308,721,1.1,31666,120
Jonesboro,2017,Unaffordable,367,0.864864865,32,37139,17.855288462,928,0.4,14687,37
Kennebunk,2001,Unaffordable,863,0.588105727,534,41007,19.714903846,1025,0.84,34534,908
Kennebunk,2002,Unaffordable,906,0.553610503,506,39861,19.163942308,997,0.91,36243,914
Kennebunk,2003,Unaffordable,915,0.536277603,510,39806,19.1375,995,0.92,36609,951
Kennebunk,2004,Unaffordable,912,0.550785340,526,41397,19.902403846,1035,0.88,36469,955
Kennebunk,2005,Unaffordable,953,0.538461538,511,41656,20.026923077,1041,0.92,38124,949
Kennebunk,2006,Unaffordable,956,0.552083333,530,43298,20.816346154,1082,0.88,38220,960
Kennebunk,2007,Unaffordable,967,0.578400831,557,46540,22.375,1164,0.83,38697,963
Kennebunk,2008,Unaffordable,986,0.616649538,600,50923,24.482211538,1273,0.77,39420,973
Kennebunk,2009,Unaffordable,995,0.563751317,535,45904,22.069230769,1148,0.87,39813,949
Kennebunk,2017,Affordable,1226,0.440677966,520,41743,20.06875,1044,1.18,49055,1180
Kennebunk,2020,Affordable,1290,0.365131579,444,37597,18.075480769,940,1.37,51590,1216
Kennebunkport,2002,Unaffordable,919,0.588235294,160,43934,21.122115385,1098,0.84,36764,272
Kingfield,2006,Unaffordable,644,0.525547445,72,26922,12.943269231,673,0.96,25780,137
Kingfield,2007,Unaffordable,633,0.565217391,78,28092,13.505769231,702,0.9,25312,138
Kingfield,2009,Unaffordable,675,0.594202899,82,30760,14.788461538,769,0.88,26999,138
Kingfield,2010,Unaffordable,755,0.515873016,65,30773,14.794711538,769,0.98,30184,126
Kingfield,2012,Unaffordable,661,0.697916667,67,36243,17.424519231,906,0.73,26428,96
Kingfield,2013,Unaffordable,632,0.632183908,55,31089,14.946634615,777,0.81,25262,87
Kingfield,2003,Affordable,661,0.451127820,60,24362,11.7125,609,1.09,26451,133
Kittery,2001,Unaffordable,784,0.625920471,850,39001,18.750480769,975,0.8,31376,1358
Kittery,2002,Unaffordable,809,0.766996700,1162,50517,24.287019231,1263,0.64,32370,1515
Kittery,2003,Unaffordable,919,0.662548765,1019,49110,23.610576923,1228,0.75,36775,1538
Kittery,2004,Unaffordable,932,0.679536680,1056,51948,24.975,1299,0.72,37291,1554
Kittery,2006,Unaffordable,972,0.593125,949,45572,21.909615385,1139,0.85,38895,1600
Kittery,2007,Unaffordable,990,0.597779149,969,46457,22.335096154,1161,0.85,39586,1621
Kittery,2008,Unaffordable,1012,0.625759417,1030,49474,23.785576923,1237,0.82,40477,1646
Kittery,2009,Unaffordable,1037,0.503470032,798,41726,20.060576923,1043,0.99,41475,1585
Kittery,2017,Unaffordable,1141,0.507511430,777,46222,22.222115385,1156,0.99,45633,1531
Kittery,2020,Unaffordable,1577,0.617340287,947,79960,38.442307692,1999,0.79,63071,1534
LaGrange,2017,Unaffordable,432,0.811320755,43,37488,18.023076923,937,0.46,17272,53
Lewiston,2002,Unaffordable,571,0.543035802,4429,24857,11.950480769,621,0.92,22841,8156
Lewiston,2003,Unaffordable,545,0.568079131,4652,25107,12.070673077,628,0.87,21787,8189
Lewiston,2004,Unaffordable,534,0.602308247,5010,26788,12.878846154,670,0.8,21350,8318
Lewiston,2005,Unaffordable,556,0.621466905,5211,29313,14.092788462,733,0.76,22253,8385
Lewiston,2006,Unaffordable,568,0.608875740,5145,29134,14.006730769,728,0.78,22738,8450
Lewiston,2007,Unaffordable,576,0.596462458,5092,28734,13.814423077,718,0.8,23057,8537
Lewiston,2008,Unaffordable,576,0.615495150,5140,29926,14.3875,748,0.77,23029,8351
Lewiston,2009,Unaffordable,607,0.608806097,5033,31079,14.941826923,777,0.78,24267,8267
Lewiston,2010,Unaffordable,595,0.591984733,4653,29537,14.200480769,738,0.81,23814,7860
Lewiston,2011,Unaffordable,566,0.619464535,4882,29915,14.382211538,748,0.76,22645,7881
Lewiston,2012,Unaffordable,574,0.607484879,4821,29514,14.189423077,738,0.78,22977,7936
Lewiston,2013,Unaffordable,586,0.608547655,4827,30871,14.841826923,772,0.76,23421,7932
Lewiston,2014,Unaffordable,552,0.629811321,5007,31187,14.99375,780,0.71,22071,7950
Lewiston,2016,Unaffordable,539,0.700163501,5567,37523,18.039903846,938,0.57,21571,7951
Lewiston,2017,Unaffordable,566,0.690556598,5521,38359,18.441826923,959,0.59,22634,7995
Lewiston,2000,Affordable,532,0.487820763,3745,20693,9.948557692,517,1.03,21263,7677
Lewiston,2001,Affordable,570,0.500716799,3842,22818,10.970192308,570,1,22785,7673
Liberty,2017,Unaffordable,521,0.808219178,59,50441,24.250480769,1261,0.41,20832,73
Limestone,2009,Affordable,925,0.377697842,105,25973,12.487019231,649,1.43,37018,278
Lincoln,2004,Unaffordable,526,0.532293987,239,22601,10.865865385,565,0.93,21032,449
Lincoln,2006,Unaffordable,571,0.513215859,233,23496,11.296153846,587,0.97,22856,454
Lincoln,2008,Unaffordable,592,0.557268722,253,26847,12.907211538,671,0.88,23699,454
Lincoln,2013,Unaffordable,447,0.641878669,328,25660,12.336538462,641,0.7,17864,511
Lincoln,2014,Unaffordable,369,0.707602339,363,27883,13.405288462,697,0.53,14772,513
Lincoln,2016,Unaffordable,499,0.669941061,341,30334,14.583653846,758,0.66,19948,509
Lincoln,2017,Unaffordable,550,0.652173913,330,30588,14.705769231,765,0.72,21980,506
Lisbon,2006,Unaffordable,818,0.507015903,542,33095,15.911057692,827,0.99,32735,1069
Lisbon,2007,Unaffordable,825,0.511049724,555,33601,16.154326923,840,0.98,33009,1086
Lisbon,2008,Unaffordable,841,0.531876138,584,35453,17.044711538,886,0.95,33633,1098
Lisbon,2010,Unaffordable,842,0.507113821,499,34061,16.375480769,852,0.99,33676,984
Lisbon,2016,Unaffordable,705,0.571127503,542,32764,15.751923077,819,0.86,28208,949
Lisbon,2020,Unaffordable,1137,0.582627119,550,51517,24.767788462,1288,0.88,45485,944
Lisbon,2001,Affordable,813,0.379881657,321,26313,12.650480769,658,1.24,32529,845
Lisbon,2002,Affordable,848,0.421421421,421,29342,14.106730769,734,1.16,33917,999
Lisbon,2003,Affordable,797,0.467124632,476,30103,14.472596154,753,1.06,31891,1019
Lisbon,2004,Affordable,789,0.491674829,502,31132,14.967307692,778,1.01,31553,1021
Lisbon,2005,Affordable,818,0.462571977,482,30716,14.767307692,768,1.07,32715,1042
Lisbon,2009,Affordable,849,0.478703704,517,32836,15.786538462,821,1.03,33946,1080
Lisbon,2011,Affordable,810,0.498498498,498,32339,15.547596154,808,1,32394,999
Lisbon,2017,Affordable,911,0.455414013,429,32767,15.753365385,819,1.11,36443,942
Livermore Falls,2001,Unaffordable,456,0.591939547,235,22048,10.6,551,0.83,18246,397
Livermore Falls,2002,Unaffordable,495,0.532338308,214,21209,10.196634615,530,0.93,19782,402
Livermore Falls,2008,Unaffordable,638,0.521844660,215,26632,12.803846154,666,0.96,25518,412
Livermore Falls,2011,Unaffordable,565,0.534574468,201,24623,11.837980769,616,0.92,22611,376
Livermore Falls,2013,Unaffordable,604,0.518867925,220,25031,12.034134615,626,0.97,24174,424
Livermore Falls,2006,Affordable,616,0.493827160,200,24275,11.670673077,607,1.01,24637,405
Livermore Falls,2007,Affordable,642,0.472906404,192,24129,11.600480769,603,1.06,25666,406
Livermore Falls,2009,Affordable,670,0.493796526,199,26370,12.677884615,659,1.02,26785,403
Livermore Falls,2012,Affordable,650,0.455555556,205,23678,11.383653846,592,1.1,25988,450
Lubec,2017,Unaffordable,581,0.783625731,134,46320,22.269230769,1158,0.5,23225,171
Machias,2007,Unaffordable,472,0.635071090,268,25805,12.40625,645,0.73,18881,422
Machias,2010,Unaffordable,523,0.656036446,288,31314,15.054807692,783,0.67,20914,439
Machias,2012,Unaffordable,492,0.725971370,355,33710,16.206730769,843,0.58,19669,489
Machias,2013,Unaffordable,683,0.610416667,293,33481,16.096634615,837,0.82,27325,480
Machias,2017,Unaffordable,677,0.717299578,340,44807,21.541826923,1120,0.6,27068,474
Madawaska,2009,Unaffordable,571,0.554030875,323,25853,12.429326923,646,0.88,22850,583
Madawaska,2010,Unaffordable,592,0.533546326,334,25493,12.25625,637,0.93,23660,626
Madawaska,2016,Unaffordable,672,0.508448541,331,27384,13.165384615,685,0.98,26868,651
Madawaska,2017,Unaffordable,658,0.535168196,350,28653,13.775480769,716,0.92,26312,654
Madawaska,2001,Affordable,545,0.401162791,207,16678,8.018269231,417,1.31,21799,516
Madawaska,2007,Affordable,540,0.434121622,257,18369,8.83125,459,1.18,21611,592
Madawaska,2008,Affordable,565,0.421143847,243,18694,8.9875,467,1.21,22608,577
Madison,2007,Unaffordable,650,0.510040161,254,26532,12.755769231,663,0.98,25988,498
Madison,2004,Affordable,599,0.474895397,227,22386,10.7625,560,1.07,23960,478
Madison,2008,Affordable,689,0.5,269,27556,13.248076923,689,1,27555,538
Madison,2009,Affordable,676,0.488372093,252,26217,12.604326923,655,1.03,27050,516
Madison,2010,Affordable,726,0.473591549,269,27354,13.150961538,684,1.06,29044,568
Madison,2016,Affordable,744,0.429149798,212,26602,12.789423077,665,1.12,29770,494
Madison,2017,Affordable,743,0.445134576,215,27155,13.055288462,679,1.09,29708,483
Manchester,2017,Unaffordable,821,0.686666667,103,57279,27.537980769,1432,0.57,32825,150
Mars Hill,2017,Unaffordable,583,0.648809524,109,32552,15.65,814,0.72,23332,168
Mechanic Falls,2016,Unaffordable,861,0.604863222,199,42693,20.525480769,1067,0.81,34443,329
Mechanic Falls,2017,Unaffordable,820,0.611620795,200,43559,20.941826923,1089,0.75,32806,327
Mechanic Falls,2012,Affordable,802,0.479310345,139,30917,14.863942308,773,1.04,32082,290
Mechanic Falls,2013,Affordable,921,0.402439024,132,31387,15.089903846,785,1.17,36841,328
Mercer,2017,Unaffordable,500,0.864864865,32,39225,18.858173077,981,0.51,19999,37
Mexico,2007,Unaffordable,547,0.522613065,208,22931,11.024519231,573,0.95,21888,398
Mexico,2008,Unaffordable,554,0.503778338,200,22305,10.723557692,558,0.99,22180,397
Mexico,2009,Unaffordable,554,0.575757576,228,25253,12.140865385,631,0.88,22171,396
Mexico,2013,Unaffordable,510,0.584045584,205,25158,12.095192308,629,0.81,20402,351
Mexico,2017,Unaffordable,453,0.840116279,289,44046,21.175961538,1101,0.41,18102,344
Mexico,2001,Affordable,534,0.364672365,128,16908,8.128846154,423,1.26,21367,351
Mexico,2006,Affordable,544,0.469543147,185,20422,9.818269231,511,1.06,21741,394
Milbridge,2017,Unaffordable,596,0.770114943,134,47079,22.634134615,1177,0.51,23856,174
Milbridge,2020,Unaffordable,670,0.595375723,103,33397,16.05625,835,0.8,26799,173
Milford,2005,Unaffordable,701,0.612,153,34585,16.627403846,865,0.81,28022,250
Millinocket,2004,Unaffordable,471,0.509466437,296,19241,9.250480769,481,0.98,18836,581
Millinocket,2005,Unaffordable,482,0.560553633,324,21994,10.574038462,550,0.88,19263,578
Millinocket,2006,Unaffordable,479,0.533216783,305,20667,9.936057692,517,0.93,19172,572
Millinocket,2007,Unaffordable,478,0.573170732,329,22495,10.814903846,562,0.85,19126,574
Millinocket,2008,Unaffordable,517,0.557894737,318,23232,11.169230769,581,0.89,20668,570
Millinocket,2009,Unaffordable,488,0.564147627,321,22424,10.780769231,561,0.87,19519,569
Millinocket,2010,Unaffordable,504,0.530508475,313,21478,10.325961538,537,0.94,20151,590
Millinocket,2011,Unaffordable,508,0.555555556,320,23008,11.061538462,575,0.88,20332,576
Millinocket,2012,Unaffordable,475,0.633333333,247,25221,12.125480769,631,0.75,18999,390
Millinocket,2017,Unaffordable,593,0.559852670,304,26124,12.559615385,653,0.91,23704,543
Millinocket,2001,Affordable,636,0.355311355,194,17270,8.302884615,432,1.47,25428,546
Millinocket,2002,Affordable,694,0.358260870,206,17965,8.637019231,449,1.54,27755,575
Millinocket,2003,Affordable,491,0.449735450,255,17391,8.361057692,435,1.13,19647,567
Millinocket,2013,Affordable,622,0.493805310,279,24593,11.823557692,615,1.01,24887,565
Millinocket,2014,Affordable,638,0.457295374,257,22752,10.938461538,569,1.12,25525,562
Millinocket,2015,Affordable,614,0.476618705,265,23362,11.231730769,584,1.05,24553,556
Millinocket,2016,Affordable,655,0.447463768,247,23685,11.387019231,592,1.11,26189,552
Millinocket,2020,Affordable,714,0.493554328,268,28131,13.524519231,703,1.02,28570,543
Milo,2017,Unaffordable,555,0.849372385,203,50529,24.292788462,1263,0.44,22187,239
Monmouth,2017,Affordable,814,0.469565217,108,30702,14.760576923,768,1.06,32567,230
Mount Desert,2015,Unaffordable,841,0.640625,164,45899,22.066826923,1147,0.73,33648,256
Mount Desert,2004,Affordable,892,0.475083056,143,34096,16.392307692,852,1.05,35681,301
Mount Desert,2007,Affordable,900,0.395569620,125,28402,13.654807692,710,1.27,35999,316
New Sweden,2017,Unaffordable,458,0.941176471,32,50556,24.305769231,1264,0.36,18332,34
Newburgh,2009,Affordable,1062,0.38,38,35118,16.883653846,878,1.21,42499,100
Newcastle,2009,Unaffordable,758,0.567375887,80,33394,16.054807692,835,0.91,30322,141
Newcastle,2010,Unaffordable,784,0.512396694,62,32100,15.432692308,803,0.98,31345,121
Newcastle,2011,Unaffordable,769,0.558333333,67,33306,16.0125,833,0.92,30768,120
Newcastle,2013,Unaffordable,798,0.588235294,100,36939,17.759134615,923,0.86,31922,170
Newcastle,2016,Unaffordable,859,0.555555556,95,38786,18.647115385,970,0.89,34347,171
Newcastle,2017,Unaffordable,776,0.579881657,98,38596,18.555769231,965,0.8,31052,169
Newcastle,2012,Affordable,772,0.472,59,29526,14.195192308,738,1.05,30892,125
Newport,2006,Unaffordable,621,0.613888889,221,31301,15.048557692,783,0.79,24827,360
Newport,2017,Unaffordable,473,0.800915332,350,45179,21.720673077,1129,0.42,18914,437
Nobleboro,2006,Unaffordable,725,0.605769231,63,34434,16.554807692,861,0.84,28999,104
North Berwick,2005,Unaffordable,873,0.629080119,212,43665,20.992788462,1092,0.8,34930,337
North Berwick,2006,Unaffordable,883,0.533333333,184,37712,18.130769231,943,0.94,35303,345
North Berwick,2007,Unaffordable,892,0.582633053,208,41389,19.898557692,1035,0.86,35681,357
North Berwick,2017,Affordable,1278,0.366946779,131,34560,16.615384615,864,1.48,51135,357
Northport,2004,Unaffordable,644,0.617647059,63,35385,17.012019231,885,0.73,25768,102
Norway,2001,Unaffordable,520,0.511035654,301,21372,10.275,534,0.97,20812,589
Norway,2003,Unaffordable,546,0.564144737,343,24472,11.765384615,612,0.89,21845,608
Norway,2006,Unaffordable,553,0.635483871,394,28729,13.812019231,718,0.77,22114,620
Norway,2007,Unaffordable,557,0.620192308,387,28013,13.467788462,700,0.8,22277,624
Norway,2008,Unaffordable,559,0.654798762,423,30104,14.473076923,753,0.74,22345,646
Norway,2009,Unaffordable,578,0.619651347,391,29153,14.015865385,729,0.79,23112,631
Norway,2010,Unaffordable,567,0.630990415,395,29506,14.185576923,738,0.77,22696,626
Norway,2011,Unaffordable,552,0.653266332,390,29654,14.256730769,741,0.74,22088,597
Norway,2012,Unaffordable,552,0.666666667,312,30277,14.55625,757,0.73,22063,468
Norway,2013,Unaffordable,612,0.617142857,432,32328,15.542307692,808,0.76,24470,700
Norway,2014,Unaffordable,581,0.597684515,413,30016,14.430769231,750,0.77,23249,691
Norway,2016,Unaffordable,617,0.671965318,465,35814,17.218269231,895,0.69,24691,692
Norway,2017,Unaffordable,680,0.643377001,442,36472,17.534615385,912,0.75,27206,687
Norway,2020,Affordable,897,0.48,348,34637,16.652403846,866,1.04,35884,725
Oakland,2004,Unaffordable,638,0.519056261,286,26441,12.712019231,661,0.96,25504,551
Oakland,2006,Unaffordable,632,0.508802817,289,25718,12.364423077,643,0.98,25267,568
Oakland,2007,Unaffordable,648,0.508710801,292,26337,12.662019231,658,0.98,25939,574
Oakland,2008,Unaffordable,695,0.522033898,308,28854,13.872115385,721,0.96,27809,590
Oakland,2011,Unaffordable,676,0.513611615,283,27669,13.302403846,692,0.98,27025,551
Oakland,2012,Unaffordable,711,0.512110727,296,29046,13.964423077,726,0.98,28422,578
Oakland,2017,Unaffordable,794,0.567479675,349,34983,16.81875,875,0.91,31757,615
Oakland,2000,Affordable,590,0.399553571,179,18860,9.067307692,472,1.25,23616,448
Oakland,2005,Affordable,656,0.492831541,275,25928,12.465384615,648,1.01,26249,558
Oakland,2009,Affordable,688,0.493870403,282,27194,13.074038462,680,1.01,27520,571
Oakland,2010,Affordable,697,0.445692884,238,25347,12.186057692,634,1.1,27869,534
Oakland,2013,Affordable,896,0.378640777,234,27489,13.215865385,687,1.3,35821,618
Old Orchard Beach,2000,Unaffordable,650,0.532351057,831,28315,13.612980769,708,0.92,25990,1561
Old Orchard Beach,2001,Unaffordable,664,0.621513944,1092,35291,16.966826923,882,0.75,26564,1757
Old Orchard Beach,2002,Unaffordable,742,0.537958773,1070,32328,15.542307692,808,0.92,29664,1989
Old Orchard Beach,2003,Unaffordable,805,0.557043651,1123,36394,17.497115385,910,0.88,32207,2016
Old Orchard Beach,2004,Unaffordable,764,0.590909091,1209,36916,17.748076923,923,0.83,30551,2046
Old Orchard Beach,2005,Unaffordable,789,0.542843233,1115,34542,16.606730769,864,0.91,31576,2054
Old Orchard Beach,2006,Unaffordable,801,0.573071394,1196,37232,17.9,931,0.86,32031,2087
Old Orchard Beach,2007,Unaffordable,799,0.613453340,1295,40319,19.384134615,1008,0.79,31978,2111
Old Orchard Beach,2008,Unaffordable,818,0.606075217,1257,41124,19.771153846,1028,0.8,32725,2074
Old Orchard Beach,2009,Unaffordable,833,0.572413793,1162,39105,18.800480769,978,0.85,33301,2030
Old Orchard Beach,2010,Unaffordable,854,0.579444153,1105,41185,19.800480769,1030,0.83,34140,1907
Old Orchard Beach,2016,Unaffordable,883,0.574626866,1078,41330,19.870192308,1033,0.85,35301,1876
Old Orchard Beach,2017,Unaffordable,839,0.601144046,1156,41415,19.911057692,1035,0.81,33547,1923
Old Orchard Beach,2020,Unaffordable,1049,0.698825932,1369,68517,32.940865385,1713,0.61,41963,1959
Old Town,2000,Unaffordable,533,0.538338658,674,22925,11.021634615,573,0.93,21317,1252
Old Town,2002,Unaffordable,554,0.594808940,825,26480,12.730769231,662,0.84,22144,1387
Old Town,2003,Unaffordable,470,0.660777385,935,28634,13.766346154,716,0.66,18793,1415
Old Town,2005,Unaffordable,508,0.664222874,906,30880,14.846153846,772,0.66,20305,1364
Old Town,2006,Unaffordable,528,0.656482861,881,31261,15.029326923,782,0.68,21137,1342
Old Town,2008,Unaffordable,547,0.686783804,899,34170,16.427884615,854,0.64,21898,1309
Old Town,2009,Unaffordable,543,0.693173293,924,34733,16.698557692,868,0.63,21728,1333
Old Town,2010,Unaffordable,576,0.659285714,923,33799,16.249519231,845,0.68,23032,1400
Old Town,2012,Unaffordable,580,0.639784946,952,33186,15.954807692,830,0.7,23206,1488
Old Town,2013,Unaffordable,599,0.654873164,981,33574,16.141346154,839,0.71,23975,1498
Old Town,2017,Unaffordable,637,0.692625775,1005,37432,17.996153846,936,0.68,25471,1451
Old Town,2020,Unaffordable,741,0.681721948,966,43199,20.76875,1080,0.69,29626,1417
Orono,2004,Unaffordable,529,0.713894593,1043,35233,16.938942308,881,0.6,21172,1461
Orono,2009,Unaffordable,598,0.655038760,1014,35797,17.210096154,895,0.67,23905,1548
Orono,2010,Unaffordable,615,0.655392470,1027,37284,17.925,932,0.66,24613,1567
Orono,2011,Unaffordable,575,0.685966016,1090,36675,17.632211538,917,0.63,22996,1589
Orono,2012,Unaffordable,603,0.682044003,961,37933,18.237019231,948,0.64,24122,1409
Orono,2013,Unaffordable,715,0.626641651,1002,39817,19.142788462,995,0.72,28593,1599
Orono,2014,Unaffordable,653,0.701657459,1143,43161,20.750480769,1079,0.6,26104,1629
Orono,2016,Unaffordable,683,0.628691983,1043,34656,16.661538462,866,0.79,27319,1659
Orono,2017,Unaffordable,630,0.617592015,990,34181,16.433173077,855,0.74,25213,1603
Orrington,2017,Unaffordable,831,0.606481481,131,44721,21.500480769,1118,0.74,33234,216
Orrington,2004,Affordable,897,0.438144330,85,32125,15.444711538,803,1.12,35899,194
Orrington,2006,Affordable,962,0.382653061,75,31587,15.186057692,790,1.22,38481,196
Orrington,2007,Affordable,995,0.384615385,75,33534,16.122115385,838,1.19,39783,195
Orrington,2009,Affordable,978,0.443902439,91,36194,17.400961538,905,1.08,39124,205
Orrington,2020,Affordable,1096,0.465753425,102,39694,19.083653846,992,1.1,43838,219
Oxford,2020,Unaffordable,837,0.599315068,175,39717,19.094711538,993,0.84,33499,292
Oxford,2011,Affordable,784,0.485981308,104,30649,14.735096154,766,1.02,31340,214
Paris,2003,Unaffordable,584,0.523378582,347,24192,11.630769231,605,0.96,23342,663
Paris,2006,Unaffordable,673,0.517191977,361,28114,13.516346154,703,0.96,26918,698
Paris,2007,Unaffordable,706,0.502816901,357,28469,13.687019231,712,0.99,28237,710
Paris,2008,Unaffordable,682,0.538461538,378,29965,14.40625,749,0.91,27299,702
Paris,2009,Unaffordable,694,0.518678161,361,29089,13.985096154,727,0.95,27771,696
Paris,2011,Unaffordable,676,0.540785498,358,30392,14.611538462,760,0.89,27024,662
Paris,2012,Unaffordable,697,0.517067004,409,29366,14.118269231,734,0.95,27894,791
Paris,2013,Unaffordable,588,0.598425197,456,31180,14.990384615,779,0.75,23527,762
Paris,2014,Unaffordable,557,0.624178712,475,31078,14.941346154,777,0.72,22274,761
Paris,2020,Unaffordable,771,0.593307593,461,37637,18.094711538,941,0.82,30840,777
Paris,2010,Affordable,772,0.474747475,329,29045,13.963942308,726,1.06,30866,693
Passadumkeag,2017,Unaffordable,625,0.571428571,16,34952,16.803846154,874,0.72,24999,28
Patten,2017,Unaffordable,517,0.609195402,53,24796,11.921153846,620,0.83,20681,87
Perry,2017,Affordable,737,0.349206349,22,18245,8.771634615,456,1.62,29499,63
Pittsfield,2017,Unaffordable,847,0.552572707,247,38479,18.499519231,962,0.88,33896,447
Pittsfield,2020,Unaffordable,697,0.584507042,249,34000,16.346153846,850,0.82,27880,426
Portland,2000,Unaffordable,658,0.622537242,10364,34432,16.553846154,861,0.76,26306,16648
Portland,2001,Unaffordable,678,0.658241057,11354,37984,18.261538462,950,0.71,27131,17249
Portland,2002,Unaffordable,796,0.589078812,10270,38587,18.551442308,965,0.82,31821,17434
Portland,2003,Unaffordable,747,0.641154043,11267,39974,19.218269231,999,0.75,29864,17573
Portland,2004,Unaffordable,734,0.661104351,11410,40947,19.686057692,1024,0.72,29380,17259
Portland,2005,Unaffordable,758,0.645525224,11043,40950,19.6875,1024,0.74,30333,17107
Portland,2006,Unaffordable,781,0.649251132,11184,42450,20.408653846,1061,0.74,31253,17226
Portland,2007,Unaffordable,794,0.644886032,11034,42680,20.519230769,1067,0.74,31755,17110
Portland,2008,Unaffordable,819,0.642254191,10804,43838,21.075961538,1096,0.75,32742,16822
Portland,2009,Unaffordable,862,0.583654359,9848,41221,19.817788462,1031,0.84,34496,16873
Portland,2010,Unaffordable,873,0.575221777,9467,40996,19.709615385,1025,0.85,34902,16458
Portland,2011,Unaffordable,809,0.640426524,10991,43282,20.808653846,1082,0.75,32354,17162
Portland,2012,Unaffordable,816,0.640164767,11345,43591,20.957211538,1090,0.75,32655,17722
Portland,2013,Unaffordable,828,0.659003615,11667,47334,22.756730769,1183,0.7,33100,17704
Portland,2014,Unaffordable,765,0.707158108,12586,52411,25.197596154,1310,0.58,30601,17798
Portland,2015,Unaffordable,827,0.731119174,13098,57034,27.420192308,1426,0.58,33081,17915
Portland,2016,Unaffordable,776,0.640564471,11575,44185,21.242788462,1105,0.7,31028,18070
Portland,2017,Unaffordable,867,0.590604757,10850,44278,21.2875,1107,0.78,34681,18371
Portland,2020,Unaffordable,1134,0.710624898,13089,75197,36.152403846,1880,0.6,45343,18419
Presque Isle,2004,Unaffordable,561,0.510718789,810,22974,11.045192308,574,0.98,22452,1586
Presque Isle,2005,Unaffordable,579,0.518939394,822,24103,11.587980769,603,0.96,23175,1584
Presque Isle,2006,Unaffordable,605,0.521522146,836,25386,12.204807692,635,0.95,24219,1603
Presque Isle,2007,Unaffordable,620,0.506165228,821,25145,12.088942308,629,0.99,24805,1622
Presque Isle,2008,Unaffordable,599,0.546758105,877,26688,12.830769231,667,0.9,23948,1604
Presque Isle,2009,Unaffordable,614,0.597222222,946,30659,14.739903846,766,0.8,24563,1584
Presque Isle,2010,Unaffordable,652,0.544258373,910,28927,13.907211538,723,0.9,26076,1672
Presque Isle,2011,Unaffordable,614,0.569667078,924,29014,13.949038462,725,0.85,24543,1622
Presque Isle,2012,Unaffordable,614,0.561978877,1011,28463,13.684134615,712,0.86,24544,1799
Presque Isle,2013,Unaffordable,603,0.566950053,1067,28470,13.6875,712,0.85,24112,1882
Presque Isle,2014,Unaffordable,561,0.612868633,1143,29576,14.219230769,739,0.76,22441,1865
Presque Isle,2015,Unaffordable,628,0.607395324,1117,32337,15.546634615,808,0.78,25127,1839
Presque Isle,2016,Unaffordable,669,0.676948052,1251,37480,18.019230769,937,0.71,26760,1848
Presque Isle,2017,Unaffordable,648,0.690280066,1257,37338,17.950961538,933,0.69,25907,1821
Presque Isle,2020,Unaffordable,725,0.571591557,1002,33858,16.277884615,846,0.86,29018,1753
Presque Isle,2001,Affordable,508,0.497822932,686,20248,9.734615385,506,1,20323,1378
Presque Isle,2002,Affordable,506,0.442472058,673,17988,8.648076923,450,1.13,20257,1521
Prospect,2017,Affordable,1036,0.447368421,17,37539,18.047596154,938,1.1,41428,38
Randolph,2017,Unaffordable,886,0.695852535,151,47990,23.072115385,1200,0.74,35440,217
Rangeley,2009,Unaffordable,642,0.543307087,69,28086,13.502884615,702,0.91,25681,127
Rangeley,2017,Unaffordable,917,0.513812155,93,38077,18.30625,952,0.96,36693,181
Richmond,2006,Unaffordable,657,0.569696970,188,30069,14.45625,752,0.87,26289,330
Richmond,2007,Unaffordable,647,0.633633634,211,32981,15.85625,825,0.78,25872,333
Richmond,2017,Unaffordable,851,0.640109890,233,46505,22.358173077,1163,0.73,34056,364
Rockland,2001,Unaffordable,579,0.634589502,943,29817,14.335096154,745,0.78,23151,1486
Rockland,2002,Unaffordable,617,0.585411471,939,28985,13.935096154,725,0.85,24663,1604
Rockland,2003,Unaffordable,580,0.590712074,954,29095,13.987980769,727,0.8,23219,1615
Rockland,2004,Unaffordable,574,0.604509445,992,29627,14.24375,741,0.77,22959,1641
Rockland,2005,Unaffordable,592,0.616635397,986,31798,15.2875,795,0.74,23673,1599
Rockland,2006,Unaffordable,619,0.602230483,972,32105,15.435096154,803,0.77,24764,1614
Rockland,2007,Unaffordable,637,0.610904585,986,33553,16.13125,839,0.76,25494,1614
Rockland,2008,Unaffordable,613,0.647468354,1023,35275,16.959134615,882,0.69,24514,1580
Rockland,2009,Unaffordable,638,0.617891374,967,34613,16.640865385,865,0.74,25516,1565
Rockland,2010,Unaffordable,628,0.622119816,945,34299,16.489903846,857,0.73,25123,1519
Rockland,2011,Unaffordable,579,0.684139785,1018,35923,17.270673077,898,0.64,23142,1488
Rockland,2012,Unaffordable,595,0.645859873,1014,34060,16.375,851,0.7,23790,1570
Rockland,2013,Unaffordable,610,0.718532574,1136,38256,18.392307692,956,0.64,24406,1581
Rockland,2014,Unaffordable,725,0.673064619,1052,42588,20.475,1065,0.68,28986,1563
Rockland,2015,Unaffordable,753,0.628681178,982,40260,19.355769231,1007,0.75,30122,1562
Rockland,2016,Unaffordable,828,0.542566709,854,36448,17.523076923,911,0.91,33102,1574
Rockland,2017,Unaffordable,884,0.506566604,810,36075,17.34375,902,0.98,35374,1599
Rockland,2020,Unaffordable,838,0.757206919,1182,60957,29.30625,1524,0.55,33512,1561
Rockport,2004,Affordable,832,0.496710526,151,33059,15.89375,826,1.01,33268,304
Rockport,2005,Affordable,862,0.429508197,131,30015,14.430288462,750,1.15,34489,305
Rockport,2006,Affordable,956,0.400651466,123,31277,15.037019231,782,1.22,38254,307
Rockport,2010,Affordable,1024,0.373737374,111,31873,15.323557692,797,1.29,40971,297
Rumford,2011,Unaffordable,541,0.510185185,551,22240,10.692307692,556,0.97,21648,1080
Rumford,2012,Unaffordable,541,0.512124151,528,22315,10.728365385,558,0.97,21638,1031
Rumford,2013,Unaffordable,544,0.553620532,604,25407,12.214903846,635,0.86,21762,1091
Rumford,2014,Unaffordable,524,0.544103993,586,23262,11.183653846,582,0.9,20946,1077
Rumford,2015,Unaffordable,459,0.592662277,630,23755,11.420673077,594,0.77,18360,1063
Rumford,2016,Unaffordable,460,0.657303371,702,26724,12.848076923,668,0.69,18391,1068
Rumford,2017,Unaffordable,455,0.689075630,738,30203,14.520673077,755,0.6,18194,1071
Rumford,2001,Affordable,455,0.463926941,508,16778,8.066346154,419,1.09,18216,1095
Rumford,2004,Affordable,545,0.455333912,525,19085,9.175480769,477,1.14,21817,1153
Rumford,2005,Affordable,560,0.470639033,545,20589,9.898557692,515,1.09,22381,1158
Rumford,2006,Affordable,566,0.487244898,573,21879,10.51875,547,1.03,22643,1176
Rumford,2007,Affordable,581,0.471524288,563,21429,10.302403846,536,1.08,23234,1194
Rumford,2008,Affordable,605,0.477272727,567,22729,10.927403846,568,1.06,24193,1188
Rumford,2009,Affordable,588,0.496515679,570,23306,11.204807692,583,1.01,23532,1148
Rumford,2010,Affordable,588,0.489285714,548,22828,10.975,571,1.03,23513,1120
Rumford,2020,Affordable,603,0.465355805,497,22546,10.839423077,564,1.07,24105,1068
Sabattus,2004,Affordable,833,0.333333333,91,25296,12.161538462,632,1.32,33332,273
Sabattus,2007,Affordable,962,0.352517986,98,30264,14.55,757,1.27,38499,278
Sabattus,2017,Affordable,1034,0.386554622,138,32270,15.514423077,807,1.28,41380,357
Saco,2001,Unaffordable,772,0.504908237,1183,31149,14.975480769,779,0.99,30896,2343
Saco,2003,Unaffordable,763,0.568619418,1388,35465,17.050480769,887,0.86,30505,2441
Saco,2004,Unaffordable,750,0.585110664,1454,36059,17.336057692,901,0.83,29999,2485
Saco,2005,Unaffordable,773,0.582465973,1455,37350,17.956730769,934,0.83,30919,2498
Saco,2006,Unaffordable,780,0.531940063,1349,33440,16.076923077,836,0.93,31204,2536
Saco,2020,Unaffordable,1440,0.622914349,1680,69517,33.421634615,1738,0.83,57596,2697
Saco,2000,Affordable,744,0.470638663,1098,28269,13.590865385,707,1.05,29779,2333
Saco,2002,Affordable,822,0.479630407,1142,31799,15.287980769,795,1.03,32864,2381
Saco,2016,Affordable,982,0.500582977,1288,39325,18.90625,983,1,39270,2573
Saco,2017,Affordable,994,0.5,1300,39750,19.110576923,994,1,39761,2600
Sanford,2000,Unaffordable,599,0.503252311,1470,24090,11.581730769,602,0.99,23947,2921
Sanford,2001,Unaffordable,639,0.510765972,1447,26139,12.566826923,653,0.98,25565,2833
Sanford,2002,Unaffordable,643,0.561022364,1756,28990,13.9375,725,0.89,25703,3130
Sanford,2003,Unaffordable,657,0.583594239,1864,31334,15.064423077,783,0.84,26270,3194
Sanford,2004,Unaffordable,639,0.617878502,1963,32219,15.489903846,805,0.79,25559,3177
Sanford,2005,Unaffordable,665,0.621451104,1970,33753,16.227403846,844,0.79,26613,3170
Sanford,2006,Unaffordable,673,0.604385129,1902,33144,15.934615385,829,0.81,26906,3147
Sanford,2007,Unaffordable,677,0.600127755,1879,33039,15.884134615,826,0.82,27096,3131
Sanford,2008,Unaffordable,699,0.599229287,1866,34130,16.408653846,853,0.82,27953,3114
Sanford,2009,Unaffordable,704,0.588177340,1791,33608,16.157692308,840,0.84,28167,3045
Sanford,2010,Unaffordable,737,0.550790861,1567,32764,15.751923077,819,0.9,29462,2845
Sanford,2011,Unaffordable,710,0.607006590,1750,35070,16.860576923,877,0.81,28393,2883
Sanford,2012,Unaffordable,740,0.557738095,1874,33235,15.978365385,831,0.89,29585,3360
Sanford,2016,Unaffordable,716,0.595035924,1822,36542,17.568269231,914,0.78,28635,3062
Sanford,2017,Unaffordable,734,0.587285903,1783,36818,17.700961538,920,0.8,29356,3036
Sanford,2020,Unaffordable,908,0.625486381,1929,48917,23.517788462,1223,0.74,36333,3084
Sangerville,2008,Unaffordable,554,0.614173228,78,28619,13.759134615,715,0.77,22173,127
Sangerville,2017,Unaffordable,568,0.639455782,94,28178,13.547115385,704,0.81,22711,147
Scarborough,2020,Unaffordable,1732,0.594333936,986,87517,42.075480769,2188,0.79,69274,1659
Scarborough,2000,Affordable,1067,0.449152542,636,39616,19.046153846,990,1.08,42669,1416
Scarborough,2001,Affordable,1116,0.407979408,634,39042,18.770192308,976,1.14,44647,1554
Scarborough,2002,Affordable,1346,0.355431310,445,41628,20.013461538,1041,1.29,53834,1252
Scarborough,2003,Affordable,1054,0.5,655,42161,20.269711538,1054,1,42157,1310
Scarborough,2004,Affordable,1073,0.464996315,631,39692,19.082692308,992,1.08,42906,1357
Scarborough,2005,Affordable,1100,0.445026178,595,39159,18.826442308,979,1.12,44006,1337
Scarborough,2006,Affordable,1096,0.455147059,619,39872,19.169230769,997,1.1,43842,1360
Scarborough,2007,Affordable,1111,0.488017429,672,43309,20.821634615,1083,1.03,44432,1377
Scarborough,2009,Affordable,1216,0.441002950,598,42494,20.429807692,1062,1.14,48621,1356
Scarborough,2017,Affordable,1303,0.481340923,761,49679,23.884134615,1242,1.05,52126,1581
Searsport,2001,Unaffordable,534,0.719008264,174,33152,15.938461538,829,0.64,21378,242
Searsport,2017,Unaffordable,595,0.639610390,197,33280,16,832,0.72,23813,308
Skowhegan,2000,Unaffordable,488,0.504834254,731,19766,9.502884615,494,0.99,19517,1448
Skowhegan,2004,Unaffordable,541,0.526438569,677,22903,11.011057692,573,0.94,21629,1286
Skowhegan,2006,Unaffordable,577,0.528744327,699,24431,11.745673077,611,0.94,23077,1322
Skowhegan,2007,Unaffordable,581,0.565967016,755,26466,12.724038462,662,0.88,23238,1334
Skowhegan,2008,Unaffordable,617,0.550946143,757,27277,13.113942308,682,0.9,24675,1374
Skowhegan,2009,Unaffordable,604,0.552572707,741,26897,12.93125,672,0.9,24148,1341
Skowhegan,2010,Unaffordable,632,0.542837560,792,27449,13.196634615,686,0.92,25261,1459
Skowhegan,2011,Unaffordable,593,0.561454545,772,26846,12.906730769,671,0.88,23714,1375
Skowhegan,2012,Unaffordable,599,0.587221823,818,28443,13.674519231,711,0.84,23964,1393
Skowhegan,2013,Unaffordable,561,0.616238723,888,29349,14.110096154,734,0.76,22443,1441
Skowhegan,2014,Unaffordable,570,0.600558659,860,28481,13.692788462,712,0.8,22820,1432
Skowhegan,2015,Unaffordable,593,0.591067690,847,29305,14.088942308,733,0.81,23731,1433
Skowhegan,2016,Unaffordable,582,0.681978799,965,37126,17.849038462,928,0.63,23295,1415
Skowhegan,2017,Unaffordable,576,0.688477952,968,38493,18.50625,962,0.6,23042,1406
Skowhegan,2020,Unaffordable,602,0.664270309,924,36653,17.621634615,916,0.66,24079,1391
Skowhegan,2001,Affordable,497,0.489174018,610,19392,9.323076923,485,1.03,19888,1247
Skowhegan,2003,Affordable,563,0.459143969,590,20605,9.90625,515,1.09,22526,1285
South Berwick,2002,Unaffordable,1025,0.567717996,306,46187,22.205288462,1155,0.89,41013,539
South Berwick,2003,Unaffordable,1058,0.524324324,291,44511,21.399519231,1113,0.95,42334,555
South Berwick,2017,Unaffordable,989,0.538812785,354,43093,20.717788462,1077,0.92,39555,657
South Berwick,2004,Affordable,1094,0.457538995,264,39720,19.096153846,993,1.1,43749,577
South Berwick,2005,Affordable,1144,0.441580756,257,40225,19.338942308,1006,1.14,45760,582
South Berwick,2007,Affordable,1223,0.422818792,252,41960,20.173076923,1049,1.17,48928,596
South Portland,2003,Unaffordable,925,0.520878525,1921,38225,18.377403846,956,0.97,37006,3688
South Portland,2004,Unaffordable,925,0.551932036,2014,40085,19.271634615,1002,0.92,36986,3649
South Portland,2005,Unaffordable,951,0.515094844,1928,38884,18.694230769,972,0.98,38025,3743
South Portland,2006,Unaffordable,955,0.536204576,1992,40287,19.36875,1007,0.95,38204,3715
South Portland,2007,Unaffordable,964,0.531417830,1979,40343,19.395673077,1009,0.96,38550,3724
South Portland,2008,Unaffordable,982,0.568370351,2124,43392,20.861538462,1085,0.91,39284,3737
South Portland,2009,Unaffordable,1029,0.517407606,1932,42242,20.308653846,1056,0.97,41153,3734
South Portland,2011,Unaffordable,997,0.573211964,2204,44175,21.237980769,1104,0.9,39869,3845
South Portland,2016,Unaffordable,956,0.541974480,2421,41727,20.061057692,1043,0.92,38232,4467
South Portland,2020,Unaffordable,1248,0.647921225,2961,66797,32.113942308,1670,0.75,49932,4570
South Portland,2000,Affordable,869,0.462640449,1647,31668,15.225,792,1.1,34744,3560
South Portland,2001,Affordable,910,0.491908482,1763,35862,17.241346154,897,1.02,36408,3584
South Portland,2002,Affordable,976,0.461706187,1694,36148,17.378846154,904,1.08,39037,3669
South Portland,2010,Affordable,1036,0.468340611,1716,39417,18.950480769,985,1.05,41458,3664
South Portland,2017,Affordable,1019,0.5,2270,40752,19.592307692,1019,1,40759,4540
Southwest Harbor,2004,Unaffordable,607,0.555555556,175,27955,13.439903846,699,0.87,24296,315
Southwest Harbor,2005,Unaffordable,660,0.531446541,169,28746,13.820192308,719,0.92,26394,318
Southwest Harbor,2006,Unaffordable,625,0.595092025,194,32160,15.461538462,804,0.78,24999,326
Southwest Harbor,2007,Unaffordable,628,0.589123867,195,31915,15.34375,798,0.79,25115,331
Southwest Harbor,2008,Unaffordable,643,0.570552147,186,31308,15.051923077,783,0.82,25731,326
Southwest Harbor,2009,Unaffordable,701,0.615384615,184,36818,17.700961538,920,0.76,28048,299
Southwest Harbor,2001,Affordable,562,0.498245614,142,22339,10.739903846,558,1.01,22499,285
Southwest Harbor,2002,Affordable,630,0.462025316,146,23014,11.064423077,575,1.1,25203,316
Southwest Harbor,2003,Affordable,609,0.477564103,149,23301,11.202403846,583,1.05,24374,312
St. Agatha,2017,Unaffordable,585,0.677083333,65,33603,16.155288462,840,0.7,23399,96
St. Francis,2017,Unaffordable,375,0.717391304,33,26200,12.596153846,655,0.57,14999,46
Standish,2006,Affordable,1044,0.408675799,179,34515,16.59375,863,1.21,41767,438
Standish,2007,Affordable,1067,0.423076923,187,36382,17.491346154,910,1.17,42687,442
Standish,2008,Affordable,1060,0.444186047,191,37445,18.002403846,936,1.13,42396,430
Stetson,2020,Affordable,1000,0.476190476,20,36397,17.498557692,910,1.1,39999,42
Stonington,2017,Unaffordable,717,0.652173913,90,36579,17.586057692,914,0.78,28666,138
Swan's Island,2017,Unaffordable,562,0.714285714,25,39360,18.923076923,984,0.57,22499,35
Swanville,2004,Unaffordable,581,0.595505618,53,28856,13.873076923,721,0.81,23249,89
Thomaston,2003,Unaffordable,612,0.599206349,302,30474,14.650961538,762,0.8,24461,504
Thomaston,2004,Unaffordable,647,0.662721893,336,34279,16.480288462,857,0.75,25866,507
Thomaston,2005,Unaffordable,672,0.608433735,303,32502,15.625961538,813,0.83,26874,498
Thomaston,2006,Unaffordable,694,0.615533981,317,33685,16.194711538,842,0.82,27749,515
Thomaston,2007,Unaffordable,713,0.633911368,329,35095,16.872596154,877,0.81,28537,519
Thomaston,2008,Unaffordable,682,0.629629630,323,34394,16.535576923,860,0.79,27286,513
Thomaston,2009,Unaffordable,698,0.594810379,298,33183,15.953365385,830,0.84,27911,501
Thomaston,2010,Unaffordable,722,0.575221239,260,32671,15.707211538,817,0.88,28888,452
Thomaston,2011,Unaffordable,668,0.643181818,283,34483,16.578365385,862,0.78,26727,440
Thomaston,2012,Unaffordable,654,0.666666667,234,35410,17.024038462,885,0.74,26171,351
Thomaston,2013,Unaffordable,789,0.579670330,211,38068,18.301923077,952,0.83,31578,364
Thomaston,2014,Unaffordable,668,0.647382920,235,40029,19.244711538,1001,0.67,26704,363
Thomaston,2017,Unaffordable,812,0.677777778,244,46994,22.593269231,1175,0.69,32499,360
Thomaston,2020,Unaffordable,790,0.579545455,204,40000,19.230769231,1000,0.79,31595,352
Topsham,2004,Unaffordable,917,0.515426497,568,37747,18.147596154,944,0.97,36694,1102
Topsham,2001,Affordable,834,0.437436419,430,30465,14.646634615,762,1.09,33348,983
Topsham,2002,Affordable,848,0.454722493,467,31734,15.256730769,793,1.07,33933,1027
Topsham,2003,Affordable,893,0.486803519,498,34831,16.745673077,871,1.03,35708,1023
Topsham,2005,Affordable,939,0.464093357,517,34996,16.825,875,1.07,37563,1114
Topsham,2006,Affordable,979,0.447069116,511,35761,17.192788462,894,1.1,39175,1143
Topsham,2007,Affordable,1001,0.457311919,541,37307,17.936057692,933,1.07,40026,1183
Topsham,2008,Affordable,1031,0.418228279,491,35818,17.220192308,895,1.15,41235,1174
Topsham,2009,Affordable,1069,0.416881998,484,37218,17.893269231,930,1.15,42759,1161
Topsham,2010,Affordable,1080,0.421206226,433,37778,18.1625,944,1.14,43199,1028
Topsham,2011,Affordable,973,0.476709613,481,37453,18.00625,936,1.04,38938,1009
Topsham,2017,Affordable,1033,0.45125,361,37083,17.828365385,927,1.11,41303,800
Tremont,2005,Unaffordable,747,0.527607362,86,31044,14.925,776,0.96,29867,163
Tremont,2006,Unaffordable,753,0.532934132,89,31726,15.252884615,793,0.95,30138,167
Tremont,2009,Unaffordable,819,0.530487805,87,34465,16.569711538,862,0.95,32741,164
Tremont,2004,Affordable,746,0.440993789,71,27349,13.148557692,684,1.09,29860,161
Trenton,2003,Unaffordable,718,0.531468531,76,30219,14.528365385,755,0.95,28709,143
Trenton,2006,Unaffordable,703,0.679487179,106,38241,18.385096154,956,0.74,28124,156
Trenton,2009,Unaffordable,725,0.657534247,96,38891,18.697596154,972,0.75,28999,146
Turner,2009,Affordable,1167,0.335078534,128,30631,14.726442308,766,1.52,46699,382
Union,2005,Affordable,845,0.460992908,65,31987,15.378365385,800,1.06,33792,141
Union,2006,Affordable,851,0.442857143,62,31362,15.077884615,784,1.09,34031,140
Union,2007,Affordable,887,0.385714286,54,30373,14.602403846,759,1.17,35468,140
Union,2008,Affordable,875,0.473684211,72,33793,16.246634615,845,1.04,34999,152
Union,2010,Affordable,824,0.503597122,70,32970,15.850961538,824,1,32968,139
Unity,2017,Unaffordable,546,0.729411765,186,52818,25.393269231,1320,0.41,21826,255
Van Buren,2017,Unaffordable,501,0.640625,246,25554,12.285576923,639,0.78,20047,384
Vassalboro,2017,Unaffordable,844,0.601108033,217,41627,20.012980769,1041,0.81,33749,361
Vassalboro,2000,Affordable,578,0.399239544,105,19188,9.225,480,1.21,23133,263
Vassalboro,2003,Affordable,745,0.363636364,120,21900,10.528846154,547,1.36,29814,330
Vassalboro,2004,Affordable,754,0.354354354,118,22011,10.582211538,550,1.37,30168,333
Vassalboro,2006,Affordable,798,0.398860399,140,26060,12.528846154,652,1.22,31916,351
Vassalboro,2007,Affordable,822,0.416201117,149,27932,13.428846154,698,1.18,32868,358
Vassalboro,2008,Affordable,822,0.45,162,29848,14.35,746,1.1,32868,360
Vassalboro,2009,Affordable,810,0.413223140,150,27442,13.193269231,686,1.18,32380,363
Vassalboro,2010,Affordable,854,0.383040936,131,27361,13.154326923,684,1.25,34152,342
Vassalboro,2011,Affordable,790,0.415730337,148,26771,12.870673077,669,1.18,31612,356
Vinalhaven,2017,Unaffordable,1034,0.526315789,70,45668,21.955769231,1142,0.91,41345,133
Waldoboro,2002,Unaffordable,488,0.695417790,258,29031,13.957211538,726,0.67,19510,371
Waldoboro,2006,Unaffordable,607,0.569587629,221,29196,14.036538462,730,0.83,24285,388
Waldoboro,2007,Unaffordable,630,0.586294416,231,31332,15.063461538,783,0.8,25181,394
Waldoboro,2008,Unaffordable,653,0.607792208,234,33238,15.979807692,831,0.79,26120,385
Waldoboro,2009,Unaffordable,621,0.575520833,221,30086,14.464423077,752,0.83,24858,384
Waldoboro,2010,Unaffordable,690,0.578461538,188,32815,15.776442308,820,0.84,27603,325
Waldoboro,2011,Unaffordable,660,0.573208723,184,31328,15.061538462,783,0.84,26382,321
Waldoboro,2016,Unaffordable,829,0.663533835,353,45953,22.092788462,1149,0.72,33162,532
Waldoboro,2017,Unaffordable,829,0.653483992,347,46929,22.562019231,1173,0.71,33164,531
Wallagrass,2017,Unaffordable,528,0.615384615,24,26400,12.692307692,660,0.8,21110,39
Warren,2017,Affordable,894,0.458955224,123,32799,15.76875,820,1.09,35768,268
Washburn,2001,Affordable,574,0.443708609,67,20454,9.833653846,511,1.12,22968,151
Waterville,2000,Unaffordable,472,0.515160703,1699,19533,9.390865385,488,0.97,18878,3298
Waterville,2001,Unaffordable,497,0.541026479,1655,21608,10.388461538,540,0.92,19882,3059
Waterville,2002,Unaffordable,516,0.515723270,1640,21338,10.258653846,533,0.97,20655,3180
Waterville,2003,Unaffordable,547,0.516554163,1607,22675,10.901442308,567,0.96,21876,3111
Waterville,2004,Unaffordable,539,0.550600886,1741,24062,11.568269231,602,0.9,21551,3162
Waterville,2005,Unaffordable,554,0.561540871,1793,25268,12.148076923,632,0.88,22180,3193
Waterville,2006,Unaffordable,562,0.569639585,1865,26202,12.597115385,655,0.86,22499,3274
Waterville,2007,Unaffordable,568,0.576021635,1917,26872,12.919230769,672,0.85,22707,3328
Waterville,2008,Unaffordable,576,0.601826484,1977,28926,13.906730769,723,0.8,23052,3285
Waterville,2009,Unaffordable,571,0.599033816,1984,28597,13.748557692,715,0.8,22853,3312
Waterville,2010,Unaffordable,589,0.598878854,1923,29444,14.155769231,736,0.8,23551,3211
Waterville,2011,Unaffordable,565,0.619571865,2026,29800,14.326923077,745,0.76,22613,3270
Waterville,2012,Unaffordable,587,0.615669340,1996,30539,14.682211538,763,0.77,23495,3242
Waterville,2013,Unaffordable,682,0.592692423,1979,32483,15.616826923,812,0.84,27276,3339
Waterville,2014,Unaffordable,625,0.603122186,2009,32925,15.829326923,823,0.76,25011,3331
Waterville,2015,Unaffordable,653,0.557831325,1852,31092,14.948076923,777,0.84,26136,3320
Waterville,2016,Unaffordable,514,0.734608488,2458,38684,18.598076923,967,0.53,20551,3346
Waterville,2017,Unaffordable,555,0.729468599,2416,40914,19.670192308,1023,0.54,22182,3312
Waterville,2020,Unaffordable,611,0.656667657,2211,39397,18.940865385,985,0.62,24454,3367
Weld,2007,Unaffordable,687,0.678571429,19,43120,20.730769231,1078,0.64,27499,28
Weld,2008,Unaffordable,542,0.75,21,41813,20.102403846,1045,0.52,21666,28
Weld,2009,Unaffordable,500,0.733333333,22,40568,19.503846154,1014,0.49,19999,30
Weld,2010,Unaffordable,792,0.583333333,14,40532,19.486538462,1013,0.78,31666,24
Weld,2011,Unaffordable,969,0.523809524,11,43468,20.898076923,1087,0.89,38749,21
Weld,2016,Unaffordable,750,0.590909091,13,41952,20.169230769,1049,0.72,29999,22
Weld,2017,Unaffordable,800,0.619047619,13,43310,20.822115385,1083,0.74,31999,21
Wells,2003,Unaffordable,864,0.597222222,473,42512,20.438461538,1063,0.81,34572,792
Wells,2004,Unaffordable,851,0.607868020,479,42718,20.5375,1068,0.8,34047,788
Wells,2006,Unaffordable,901,0.575342466,462,41911,20.149519231,1048,0.86,36022,803
Wells,2007,Unaffordable,909,0.572490706,462,41961,20.173557692,1049,0.87,36376,807
Wells,2008,Unaffordable,914,0.557356608,447,41014,19.718269231,1025,0.89,36557,802
Wells,2010,Unaffordable,949,0.565217391,403,43358,20.845192308,1084,0.88,37941,713
Wells,2020,Unaffordable,1205,0.684931507,550,72000,34.615384615,1800,0.67,48209,803
West Gardiner,2017,Affordable,831,0.466019417,96,31539,15.162980769,788,1.05,33249,206
West Paris,2008,Unaffordable,605,0.586419753,95,29976,14.411538462,749,0.81,24210,162
West Paris,2010,Unaffordable,605,0.615384615,96,31432,15.111538462,786,0.77,24188,156
Westbrook,2000,Unaffordable,727,0.519049415,1376,30279,14.557211538,757,0.96,29091,2651
Westbrook,2001,Unaffordable,765,0.586358197,1470,35753,17.188942308,894,0.86,30582,2507
Westbrook,2002,Unaffordable,789,0.557808609,1568,35116,16.882692308,878,0.9,31561,2811
Westbrook,2003,Unaffordable,761,0.588193708,1664,35990,17.302884615,900,0.85,30433,2829
Westbrook,2004,Unaffordable,758,0.610789283,1687,37636,18.094230769,941,0.81,30338,2762
Westbrook,2005,Unaffordable,774,0.588662791,1620,36889,17.735096154,922,0.84,30963,2752
Westbrook,2006,Unaffordable,781,0.607090643,1661,38821,18.663942308,971,0.8,31232,2736
Westbrook,2007,Unaffordable,787,0.610351201,1651,39436,18.959615385,986,0.8,31486,2705
Wilton,2005,Unaffordable,571,0.507653061,199,23137,11.123557692,578,0.99,22856,392
Wilton,2012,Unaffordable,591,0.548571429,288,26086,12.541346154,652,0.91,23653,525
Wilton,2017,Unaffordable,629,0.706989247,263,40149,19.302403846,1004,0.63,25178,372
Windham,2004,Unaffordable,877,0.526737968,591,37020,17.798076923,925,0.95,35063,1122
Windham,2005,Unaffordable,912,0.513443192,592,37392,17.976923077,935,0.98,36463,1153
Windham,2007,Unaffordable,930,0.506112469,621,37605,18.079326923,940,0.99,37203,1227
Windham,2008,Unaffordable,928,0.559533722,672,41510,19.956730769,1038,0.89,37111,1201
Windham,2016,Unaffordable,1004,0.520802377,701,41997,20.190865385,1050,0.96,40155,1346
Windham,2000,Affordable,926,0.405949256,464,31445,15.117788462,786,1.18,37056,1143
Windham,2001,Affordable,1025,0.3515625,405,31321,15.058173077,783,1.31,40987,1152
Windham,2002,Affordable,1070,0.368993654,407,33060,15.894230769,826,1.29,42781,1103
Windham,2003,Affordable,925,0.454144621,515,33906,16.300961538,848,1.09,36981,1134
Windham,2006,Affordable,933,0.494186047,595,36902,17.741346154,923,1.01,37311,1204
Windham,2009,Affordable,928,0.494685200,605,36710,17.649038462,918,1.01,37137,1223
Windham,2010,Affordable,968,0.479219678,565,37204,17.886538462,930,1.04,38702,1179
Windham,2011,Affordable,967,0.484968354,613,37558,18.056730769,939,1.03,38689,1264
Windham,2017,Affordable,1242,0.438004402,597,42086,20.233653846,1052,1.18,49683,1363
Windsor,2017,Unaffordable,840,0.505747126,88,33879,16.287980769,847,0.99,33620,174
Winslow,2004,Unaffordable,648,0.534855769,445,28383,13.645673077,710,0.91,25931,832
Winslow,2005,Unaffordable,653,0.538922156,450,29045,13.963942308,726,0.9,26115,835
Winslow,2011,Unaffordable,711,0.519695044,409,30142,14.491346154,754,0.94,28423,787
Winslow,2014,Unaffordable,742,0.508217446,402,30109,14.475480769,753,0.99,29699,791
Winslow,2015,Unaffordable,780,0.537061118,413,33406,16.060576923,835,0.93,31220,769
Winslow,2017,Unaffordable,694,0.831151832,635,66287,31.86875,1657,0.42,27740,764
Winslow,2000,Affordable,589,0.442204301,329,21323,10.251442308,533,1.1,23548,744
Winslow,2002,Affordable,643,0.408163265,340,21866,10.5125,547,1.18,25703,833
Winslow,2003,Affordable,666,0.398069964,330,20928,10.061538462,523,1.27,26635,829
Winslow,2006,Affordable,687,0.490607735,444,26754,12.8625,669,1.03,27478,905
Winslow,2007,Affordable,694,0.490322581,456,26994,12.977884615,675,1.03,27741,930
Winslow,2008,Affordable,765,0.489749431,430,29748,14.301923077,744,1.03,30618,878
Winslow,2009,Affordable,742,0.480392157,392,28002,13.4625,700,1.06,29680,816
Winslow,2010,Affordable,783,0.460645161,357,27545,13.242788462,689,1.14,31312,775
Winter Harbor,2017,Unaffordable,833,0.561403509,32,37479,18.01875,937,0.89,33332,57
Winterport,2004,Unaffordable,658,0.510040161,127,27043,13.001442308,676,0.97,26340,249
Winterport,2006,Unaffordable,686,0.505976096,127,27692,13.313461538,692,0.99,27435,251
Winterport,2008,Unaffordable,743,0.531496063,135,31892,15.332692308,797,0.93,29721,254
Winterport,2009,Unaffordable,705,0.568464730,137,32381,15.567788462,810,0.87,28204,241
Winterport,2010,Unaffordable,766,0.577519380,149,35880,17.25,897,0.85,30640,258
Winterport,2011,Unaffordable,743,0.613445378,146,37981,18.260096154,950,0.78,29705,238
Winthrop,2004,Unaffordable,662,0.542949757,335,28660,13.778846154,717,0.92,26470,617
Winthrop,2005,Unaffordable,689,0.571656051,359,31442,15.116346154,786,0.88,27563,628
Winthrop,2006,Unaffordable,732,0.517241379,330,30292,14.563461538,757,0.97,29285,638
Winthrop,2017,Unaffordable,988,0.616319444,355,46556,22.382692308,1164,0.85,39509,576
Winthrop,2002,Affordable,826,0.288743883,177,20199,9.711057692,505,1.64,33052,613
Winthrop,2003,Affordable,707,0.433224756,266,24250,11.658653846,606,1.17,28266,614
Winthrop,2007,Affordable,742,0.475232198,307,28148,13.532692308,704,1.05,29666,646
Winthrop,2008,Affordable,784,0.477077364,333,29886,14.368269231,747,1.05,31363,698
Winthrop,2009,Affordable,739,0.490769231,319,29021,13.952403846,726,1.02,29578,650
Winthrop,2010,Affordable,771,0.501644737,305,30967,14.887980769,774,1,30841,608
Winthrop,2011,Affordable,768,0.4832,302,29509,14.187019231,738,1.04,30721,625
Winthrop,2014,Affordable,1023,0.403654485,243,32588,15.667307692,815,1.26,40920,602
Wiscasset,2001,Unaffordable,614,0.663492063,209,35225,16.935096154,881,0.7,24556,315
Wiscasset,2002,Unaffordable,669,0.639436620,227,35171,16.909134615,879,0.76,26779,355
Wiscasset,2003,Unaffordable,687,0.574647887,204,31063,14.934134615,777,0.89,27499,355
Wiscasset,2005,Unaffordable,702,0.666666667,252,36782,17.683653846,920,0.76,28085,378
Wiscasset,2006,Unaffordable,726,0.673521851,262,38375,18.449519231,959,0.76,29031,389
Wiscasset,2007,Unaffordable,734,0.6675,267,37973,18.25625,949,0.77,29342,400
Wiscasset,2008,Unaffordable,742,0.661577608,260,39182,18.8375,980,0.76,29662,393
Wiscasset,2009,Unaffordable,760,0.655826558,242,40667,19.551442308,1017,0.75,30416,369
Wiscasset,2010,Unaffordable,795,0.596875,191,36567,17.580288462,914,0.87,31794,320
Wiscasset,2017,Unaffordable,839,0.652054795,238,45632,21.938461538,1141,0.74,33561,365
Yarmouth,2016,Unaffordable,1201,0.606060606,660,58882,28.308653846,1472,0.82,48027,1089
Yarmouth,2017,Unaffordable,1246,0.537272727,591,54446,26.175961538,1361,0.92,49850,1100
Yarmouth,2000,Affordable,1007,0.400756144,424,34457,16.565865385,861,1.17,40268,1058
Yarmouth,2001,Affordable,1061,0.398148148,430,36737,17.662019231,918,1.16,42447,1080
Yarmouth,2002,Affordable,1216,0.334637965,342,37345,17.954326923,934,1.3,48660,1022
Yarmouth,2003,Affordable,1042,0.454633205,471,37990,18.264423077,950,1.1,41674,1036
Yarmouth,2004,Affordable,1050,0.467,467,39117,18.80625,978,1.07,42017,1000
Yarmouth,2006,Affordable,1089,0.500994036,504,43640,20.980769231,1091,1,43570,1006
Yarmouth,2007,Affordable,1105,0.471887550,470,41524,19.963461538,1038,1.06,44187,996
Yarmouth,2008,Affordable,1098,0.484458735,452,42351,20.361057692,1059,1.04,43922,933
Yarmouth,2020,Affordable,1608,0.451492537,484,57997,27.883173077,1450,1.11,64302,1072
York,2001,Unaffordable,939,0.657088123,686,47967,23.061057692,1199,0.78,37541,1044
York,2002,Unaffordable,963,0.523373984,515,40396,19.421153846,1010,0.95,38504,984
York,2003,Unaffordable,979,0.587378641,605,47475,22.824519231,1187,0.82,39166,1030
York,2004,Unaffordable,967,0.582828283,577,45846,22.041346154,1146,0.84,38662,990
York,2005,Unaffordable,1022,0.532795156,528,43679,20.999519231,1092,0.94,40886,991
York,2006,Unaffordable,1003,0.579781962,585,47211,22.697596154,1180,0.85,40103,1009
York,2009,Unaffordable,1045,0.548262548,568,45958,22.095192308,1149,0.91,41787,1036
York,2010,Unaffordable,1068,0.532719836,521,45511,21.880288462,1138,0.94,42716,978
York,2016,Unaffordable,934,0.613733906,715,47602,22.885576923,1190,0.78,37357,1165
York,2017,Unaffordable,1004,0.573287077,661,47354,22.766346154,1184,0.85,40155,1153